销售日期,销售门店,销售员,会员姓名,产品,单价,数量,折扣,成交价
7/22/2019,吉林市8店,李626,姜11640,TF口红1180,225,3,95%,641.25
5/8/2019,杭州市141店,丁975,曹20900,SK-II面膜2111,273,16,95%,4149.6
4/18/2019,沈阳市27店,李6412,司1634,小护士卸妆/洁面1735,93,22,70%,1432.2
7/21/2019,呼和浩特市258店,张7637,,海飞丝护发素1259,81,8,100%,648
3/8/2019,厦门市186店,丁7482,,玉兰油面膜2225,235,30,100%,7050
1/15/2019,舟山市172店,张5235,邬6265,爱西麦冲调食品1561,116,10,90%,1044
2/21/2019,石家庄市292店,侯7283,井4064,美宝莲气垫882,10,14,95%,133
3/14/2019,贵阳市589店,邵3075,,TF粉饼10,108,5,100%,540
3/12/2019,呼和浩特市260店,赵4482,,植村秀粉饼1402,12,8,100%,96
1/18/2019,贵阳市584店,马1139,井5517,海飞丝护发素1433,707,28,95%,18806.2
8/25/2019,西安市412店,赵6146,司马24585,BobbiBrown气垫1234,174,24,95%,3967.2
5/6/2019,哈尔滨市56店,徐1149,,飘柔洗发水467,92,23,100%,2116
6/11/2019,中卫市477店,邵2091,李6646,海飞丝护发素1219,17,24,95%,387.6
2/27/2019,绵阳市523店,侯6452,井8233,酷儿饮料2342,228,15,90%,3078
1/9/2019,舟山市176店,杨3709,应6752,沙宣护发素2081,150,22,95%,3135
7/29/2019,郑州市205店,孙3250,刁9259,香奈儿隔离霜1307,80,28,80%,1792
7/17/2019,铁岭市38店,钱3255,郑3277,护舒宝女性护理用品1516,85,27,95%,2180.25
5/9/2019,杭州市139店,侯5900,曹4586,植村秀粉饼1368,45,17,90%,688.5
8/3/2019,齐齐哈尔市70店,刘1343,,MAC气垫144,129,19,100%,2451
6/1/2019,深圳市326店,丁2116,周20359,力士护发素1469,108,18,70%,1360.8
2/26/2019,南宁市345店,侯6553,,兰蔻面膜1454,30,12,100%,360
7/17/2019,郑州市200店,杨4843,井26291,海飞丝护发素815,251,28,90%,6325.2
7/20/2019,南宁市338店,刘863,朱6080,SK-II乳液/面霜1356,268,11,70%,2063.6
8/19/2019,三亚市394店,孙3261,王9547,小护士面膜2785,120,3,95%,342
5/19/2019,南宁市349店,张4902,,兰蔻卸妆/洁面2574,622,2,100%,1244
4/27/2019,长春市20店,杨475,司4063,BobbiBrown气垫94,195,12,95%,2223
1/10/2019,铁岭市31店,孙6160,钱12599,SK-II面膜2111,273,19,90%,4668.3
3/13/2019,大连市44店,杨12,,TF腮红48,174,28,100%,4872
5/19/2019,北海市363店,邵762,,欧莱雅面膜1759,121,24,100%,2904
3/27/2019,舟山市177店,柯3823,,TF气垫2201,888,7,100%,6216
6/14/2019,大连市43店,侯6445,,飘柔护发素276,185,4,100%,740
2/11/2019,无锡市113店,刘4922,,美宝莲粉饼1605,213,18,100%,3834
4/5/2019,广州市313店,丁910,蒋21119,欧莱雅乳液/面霜2009,326,5,95%,1548.5
5/31/2019,无锡市118店,丁869,,玉兰油面膜513,345,20,100%,6900
2/4/2019,安康市429店,徐5762,司马15576,海飞丝洗发水2822,61,14,70%,597.8
5/22/2019,珠海市332店,王3850,司马20291,植村秀隔离霜2044,12,3,90%,32.4
7/3/2019,三亚市401店,马2864,吕11536,小护士卸妆/洁面1494,77,6,70%,323.4
6/15/2019,珠海市335店,钱5037,姜18340,欧莱雅眼霜2623,277,6,90%,1495.8
2/25/2019,广元市528店,柯4801,于25614,护舒宝女性护理用品1521,5,3,80%,12
3/16/2019,延安市439店,丁2724,蒋3998,欧莱雅面膜1629,105,5,95%,498.75
4/14/2019,舟山市170店,丁3853,,飘柔洗护套装729,12,14,100%,168
6/17/2019,太原市289店,侯678,王11838,飘柔发膜/精油1962,118,1,95%,112.1
5/26/2019,咸阳市416店,张7020,东方9586,护舒宝女性护理用品2293,17,16,90%,244.8
5/16/2019,天津市278店,钱2174,李5973,迪奥面膜2383,305,2,70%,427
5/14/2019,株洲市231店,孙2998,李20295,脉动饮料2395,372,6,95%,2120.4
6/9/2019,石家庄市296店,柯5646,,赫莲娜化妆刷283,102,28,100%,2856
6/4/2019,唐山市299店,李7505,郑2093,欧莱雅面膜1759,121,11,80%,1064.8
8/22/2019,安康市457店,邵625,卫14801,玉兰油护肤礼盒2336,709,19,70%,9429.7
2/18/2019,哈尔滨市60店,柯110,上官4088,沙宣护发素1020,44,10,90%,396
8/21/2019,珠海市332店,王2721,刁2760,CDP面膜1244,694,5,90%,3123
7/18/2019,丽江市564店,邵359,,BobbiBrown粉饼2207,76,30,100%,2280
8/23/2019,安康市459店,赵5481,,兰蔻乳液/面霜2736,27,9,100%,243
5/8/2019,咸阳市418店,于6851,,TF眼影2534,173,6,100%,1038
8/12/2019,大连市44店,邵2702,钱22090,迪奥面膜2632,27,10,70%,189
4/17/2019,郑州市204店,侯2689,,TF气垫1168,387,29,100%,11223
6/6/2019,玉溪市573店,王2475,邬2013,MAC隔离霜257,134,2,70%,187.6
8/5/2019,长沙市223店,孙6714,高16451,娇兰乳液/面霜2300,799,11,90%,7910.1
5/8/2019,舟山市183店,杨879,,倩碧卸妆/洁面2424,1228,14,100%,17192
2/19/2019,商洛市448店,王4574,朱1720,MAC气垫2704,192,26,90%,4492.8
5/13/2019,西安市410店,孙6734,,TF隔离霜929,272,1,100%,272
8/18/2019,北海市369店,杨7635,巴15098,丝芙兰眉笔2377,191,6,70%,802.2
7/31/2019,石家庄市292店,丁7689,,迪奥面膜1278,42,3,100%,126
6/21/2019,苏州市123店,侯3680,曹15052,雅诗兰黛面膜2479,139,21,70%,2043.3
7/31/2019,昆明市541店,邵5752,,潘婷洗发水451,1012,6,100%,6072
4/6/2019,哈尔滨市62店,邵823,,娇兰面膜2043,33,27,100%,891
3/13/2019,桂林市354店,刘2684,于21192,雅诗兰黛乳液/面霜174,73,9,90%,591.3
8/14/2019,铁岭市35店,马4646,,植村秀粉饼380,140,4,100%,560
6/1/2019,长春市21店,钱5078,,TF粉饼2002,277,27,100%,7479
1/16/2019,舟山市181店,邵3798,,MAC口红907,274,26,100%,7124
5/7/2019,北海市366店,侯514,姜15803,海飞丝洗护套装2370,151,29,80%,3503.2
2/8/2019,铁岭市33店,金1218,吴13230,海飞丝洗护套装1089,384,1,70%,268.8
3/28/2019,玉溪市566店,柯498,,力士发膜/精油2040,297,5,100%,1485
6/17/2019,南宁市347店,张3465,,BobbiBrown气垫383,170,2,100%,340
7/18/2019,合肥市75店,金2876,,美宝莲气垫343,154,22,100%,3388
3/7/2019,长沙市223店,丁4167,王13026,TF气垫861,140,20,90%,2520
2/9/2019,南昌市137店,李5855,,费列罗糖果/巧克力1288,1038,22,100%,22836
7/26/2019,喀什市505店,丁1443,朱14797,MAC粉饼450,65,8,70%,364
6/5/2019,重庆市605店,王1687,连13996,飘柔洗发水467,92,28,80%,2060.8
2/24/2019,武汉市216店,柯701,应6250,迪奥眼霜2442,327,1,80%,261.6
6/4/2019,吉林市12店,于2617,司23674,迪奥面膜889,1755,7,80%,9828
7/16/2019,铁岭市34店,丁6818,东方134,玉兰油乳液/面霜1184,115,22,70%,1771
7/27/2019,呼和浩特市262店,马6461,邬19195,雀巢饮用水716,14,2,95%,26.6
6/26/2019,包头市265店,王2947,牛10615,兰蔻护肤礼盒817,3048,16,80%,39014.4
7/29/2019,三亚市391店,徐6590,井26714,上好佳休闲零食2786,178,19,80%,2705.6
3/16/2019,齐齐哈尔市70店,侯454,应438,小护士眼霜1173,364,16,90%,5241.6
2/5/2019,南昌市130店,杨5331,钱1055,丝芙兰粉饼2646,244,6,95%,1390.8
1/29/2019,南昌市135店,金6400,严6278,力士洗发水2031,14,4,95%,53.2
7/9/2019,哈尔滨市58店,孙7141,牛9684,统一方便食品1748,1078,14,80%,12073.6
5/26/2019,贵阳市592店,丁4802,王20262,飘柔护发素1171,36,6,70%,151.2
4/5/2019,南昌市124店,柯1475,刁15484,小护士乳液/面霜1843,10,18,70%,126
1/27/2019,安康市458店,钱3884,蒋7265,沙宣发膜/精油519,101,14,90%,1272.6
5/10/2019,贵阳市589店,王6433,王15962,欧莱雅化妆棉1030,65,6,70%,273
1/16/2019,天津市280店,李5429,,康师傅方便食品1589,334,9,100%,3006
3/18/2019,厦门市184店,赵2457,曹267,丝芙兰粉饼1114,467,14,95%,6211.1
3/28/2019,成都市535店,邵3550,司马20534,香奈儿睫毛膏2467,23,15,80%,276
7/26/2019,厦门市186店,杨698,吕10846,植村秀气垫2624,6,15,70%,63
8/15/2019,兰州市514店,钱4535,上官13641,力士发膜/精油1264,1079,18,80%,15537.6
3/8/2019,乌鲁木齐市488店,钱1609,赵810,兰蔻修眉刀2659,193,21,90%,3647.7
6/30/2019,珠海市329店,丁4585,,ABC女性护理用品1236,10,8,100%,80
5/25/2019,西安市405店,徐6665,,欧莱雅护肤礼盒1446,1096,20,100%,21920
3/25/2019,西安市406店,钱6845,蒋8681,植村秀眼影1069,80,2,95%,152
8/13/2019,青岛市98店,张4358,,植村秀粉饼386,99,20,100%,1980
2/21/2019,商洛市449店,于1433,高25554,潘婷发膜/精油1659,283,23,70%,4556.3
6/10/2019,长春市21店,张3734,周11477,海牌休闲零食745,462,26,70%,8408.4
6/2/2019,三亚市391店,赵2218,,海蓝之谜护肤礼盒2414,60,5,100%,300
4/25/2019,天津市281店,于4266,赵22907,欧莱雅面膜2556,281,17,70%,3343.9
3/13/2019,天津市279店,孙526,姜25169,沙宣洗发水1766,569,9,80%,4096.8
7/31/2019,株洲市235店,孙6669,姜7730,MAC隔离霜2127,17,23,95%,371.45
6/23/2019,玉溪市568店,孙712,蒋27714,TF口红2674,1135,3,95%,3234.75
1/26/2019,三亚市403店,钱7029,乔6633,CDP乳液/面霜1666,126,1,70%,88.2
4/17/2019,温州市160店,孙1944,高19351,丝芙兰眉笔2377,191,8,70%,1069.6
4/20/2019,株洲市230店,邵5717,,欧莱雅精华/肌底液194,232,10,100%,2320
4/22/2019,拉萨市574店,王6069,朱18490,SK-II乳液/面霜1706,206,10,80%,1648
5/8/2019,福州市191店,刘2742,巴10787,CDP精华/肌底液73,38,13,70%,345.8
2/7/2019,长春市18店,张7135,何3830,ABC女性护理用品2319,54,11,90%,534.6
3/29/2019,深圳市323店,马4124,应113,依云饮用水2458,21,6,80%,100.8
4/4/2019,株洲市237店,钱4357,华15944,美宝莲粉饼790,3331,1,70%,2331.7
7/20/2019,烟台市91店,杨5346,上官2002,爱西麦冲调食品1207,120,15,70%,1260
3/29/2019,杭州市145店,徐2743,姜25399,飘柔洗护套装683,9,16,90%,129.6
4/26/2019,安康市458店,柯1358,周5861,BobbiBrown睫毛膏1863,302,7,95%,2008.3
2/6/2019,三亚市393店,刘6841,,海蓝之谜卸妆/洁面2189,5,5,100%,25
1/6/2019,太原市287店,孙1436,,迪奥护肤礼盒1753,346,5,100%,1730
4/19/2019,海口市374店,刘4107,钱17191,海蓝之谜精华/肌底液1332,232,21,80%,3897.6
7/27/2019,武汉市214店,侯3755,,娇兰精华/肌底液2717,45,28,100%,1260
2/9/2019,湘潭市245店,马6836,,小护士化妆刷2703,45,24,100%,1080
3/13/2019,唐山市305店,金2815,,植村秀气垫479,13,24,100%,312
7/24/2019,文昌市389店,于3344,巴16509,护舒宝女性护理用品1220,381,15,70%,4000.5
4/16/2019,昆明市542店,侯7024,姜5351,品客休闲零食1929,346,26,90%,8096.4
7/11/2019,广元市529店,李2067,,小护士卸妆/洁面2792,1089,25,100%,27225
7/30/2019,广州市316店,金4212,,皇冠饼干蛋糕1396,93,28,100%,2604
8/16/2019,重庆市602店,徐223,井4177,丝芙兰眼影2098,189,27,90%,4592.7
3/31/2019,广元市527店,于936,,海蓝之谜面膜2481,113,27,100%,3051
7/11/2019,湘潭市241店,马7695,刁12234,海蓝之谜面膜1496,32,9,70%,201.6
4/9/2019,林芝市577店,杨5160,高25620,美宝莲气垫1511,900,16,70%,10080
8/5/2019,南昌市136店,李895,,丝芙兰隔离霜2294,13,26,100%,338
3/4/2019,宁波市148店,马1562,,兰蔻面膜1501,530,13,100%,6890
1/7/2019,中卫市481店,邵4076,司马27279,苏菲女性护理用品2814,345,26,70%,6279
5/23/2019,林芝市576店,钱3500,王20232,海蓝之谜卸妆/洁面643,391,3,70%,821.1
4/6/2019,郑州市201店,赵6992,连11361,TF粉饼2594,17,13,80%,176.8
7/22/2019,霍尔果斯市512店,于3542,何11088,飘柔洗发水1194,23,14,70%,225.4
2/2/2019,北海市360店,柯7245,朱3204,TF气垫1168,387,7,70%,1896.3
3/27/2019,天津市282店,柯7571,连20081,亨利冲调食品760,65,30,95%,1852.5
2/22/2019,广州市315店,刘3578,严17203,飘柔洗护套装1429,393,14,95%,5226.9
2/24/2019,海口市379店,杨4363,,美宝莲睫毛膏1596,1636,2,100%,3272
1/27/2019,北海市360店,马4291,连8896,CDP乳液/面霜965,137,19,80%,2082.4
7/9/2019,唐山市309店,柯5784,,美宝莲口红442,186,10,100%,1860
1/14/2019,广元市531店,张1996,赵490,迪奥卸妆/洁面2422,462,10,90%,4158
6/16/2019,广州市313店,邵4881,巴20871,迪奥眼霜469,288,29,80%,6681.6
8/4/2019,乌鲁木齐市495店,于689,刁4747,TF口红2046,29,28,70%,568.4
1/3/2019,乌鲁木齐市500店,张5957,,香奈儿粉饼1488,14,2,100%,28
3/12/2019,延安市438店,于5377,周1228,康师傅饮用水521,197,16,80%,2521.6
1/3/2019,北海市370店,邵6197,,丝芙兰眉笔977,1259,27,100%,33993
7/21/2019,海口市380店,王2522,,ABC女性护理用品2801,279,23,100%,6417
4/17/2019,文昌市390店,徐2411,司13075,护舒宝女性护理用品2003,46,13,70%,418.6
6/12/2019,铁岭市35店,邵889,乔8070,SK-II眼霜12,52,30,70%,1092
6/4/2019,三亚市397店,王2266,周10035,娇兰卸妆/洁面1248,628,22,90%,12434.4
3/1/2019,呼和浩特市260店,徐7073,卫21560,海蓝之谜精华/肌底液937,39,18,80%,561.6
5/29/2019,安康市460店,邵3208,于7190,美宝莲口红1522,64,14,95%,851.2
5/7/2019,商洛市444店,刘3808,曹11627,卡乐比冲调食品497,13,20,90%,234
3/31/2019,烟台市91店,侯595,上官5854,海蓝之谜面膜2257,39,6,80%,187.2
6/15/2019,青岛市104店,孙6450,,丝芙兰睫毛膏744,65,18,100%,1170
7/10/2019,安康市424店,侯284,牛28287,美宝莲口红2498,1913,12,70%,16069.2
6/29/2019,福州市195店,刘7517,卫99,CDP卸妆/洁面616,13,9,70%,81.9
6/7/2019,霍尔果斯市513店,杨7434,,植村秀眉笔2188,261,22,100%,5742
4/2/2019,太原市284店,王7145,,迪奥面膜2383,305,12,100%,3660
1/20/2019,南昌市128店,王1962,朱25345,力士洗护套装1895,332,17,80%,4515.2
2/14/2019,呼和浩特市252店,李5977,,力士旅行套装1807,191,14,100%,2674
6/20/2019,合肥市75店,于2181,钱14817,雀巢冲调食品978,102,21,80%,1713.6
5/31/2019,武汉市213店,徐6300,,ABC女性护理用品595,1695,6,100%,10170
3/18/2019,洛阳市211店,孙2267,牛18781,倩碧卸妆/洁面2424,1228,9,80%,8841.6
8/30/2019,石家庄市298店,杨4698,东方25973,力士发膜/精油1218,19,27,80%,410.4
4/25/2019,齐齐哈尔市74店,于4855,司马11215,迪奥护肤礼盒2580,74,23,70%,1191.4
2/7/2019,北海市362店,钱2281,邬12385,欧莱雅精华/肌底液2144,8,29,80%,185.6
4/25/2019,太原市286店,侯153,吴6723,迪奥乳液/面霜279,283,7,80%,1584.8
7/31/2019,海口市377店,刘631,东方23387,TF口红2196,200,22,95%,4180
8/23/2019,大理市545店,钱1609,乔10581,ABC女性护理用品499,69,17,70%,821.1
8/23/2019,南昌市135店,柯4190,应14547,香奈儿气垫1001,356,18,95%,6087.6
3/14/2019,天津市277店,丁4418,孙12259,海蓝之谜乳液/面霜1338,1297,28,70%,25421.2
1/6/2019,文昌市390店,孙6308,,美宝莲隔离霜2640,68,5,100%,340
4/6/2019,呼和浩特市262店,张5230,邬25666,美宝莲隔离霜1960,620,11,70%,4774
8/21/2019,深圳市319店,李3124,司19901,香奈儿口红1812,199,5,95%,945.25
4/26/2019,舟山市175店,徐6758,,兰蔻乳液/面霜362,51,29,100%,1479
2/4/2019,安康市428店,孙6942,井9193,三养方便食品1373,360,22,90%,7128
8/6/2019,呼和浩特市254店,丁1271,曹12252,SK-II面膜670,19,9,80%,136.8
1/9/2019,林芝市579店,侯3002,井25525,欧莱雅卸妆/洁面1179,376,11,70%,2895.2
4/16/2019,株洲市235店,李1896,,飘柔旅行套装2027,63,5,100%,315
3/26/2019,南宁市345店,钱2663,应12523,TF口红1337,29,3,80%,69.6
4/20/2019,大理市548店,徐6771,,BobbiBrown气垫1163,163,27,100%,4401
3/2/2019,咸阳市420店,张1724,司马2958,美宝莲隔离霜2344,3834,26,95%,94699.8
6/3/2019,西安市411店,孙67,,玉兰油护肤礼盒1826,386,16,100%,6176
2/14/2019,洛阳市211店,刘2132,,三养方便食品1416,126,28,100%,3528
2/2/2019,太原市289店,李5024,赵8186,潘婷洗发水1573,13,4,95%,49.4
3/11/2019,郑州市207店,张2654,牛13694,潘婷洗发水713,13,29,90%,339.3
2/4/2019,包头市266店,侯5973,,欧莱雅护肤礼盒2391,286,21,100%,6006
3/23/2019,厦门市188店,于6718,刁3365,美宝莲隔离霜1770,186,20,70%,2604
2/24/2019,齐齐哈尔市63店,柯3638,,海飞丝发膜/精油822,1453,9,100%,13077
5/12/2019,青岛市97店,侯1488,,MAC腮红2439,79,19,100%,1501
4/17/2019,天津市277店,马6313,于2477,TF口红2514,279,4,80%,892.8
3/13/2019,湘潭市248店,刘5144,司14084,倩碧乳液/面霜2138,203,3,70%,426.3
2/22/2019,绵阳市520店,王3737,牛14883,美宝莲气垫2537,50,19,95%,902.5
1/3/2019,呼和浩特市257店,丁3736,,SK-II护肤礼盒1582,90,27,100%,2430
8/19/2019,南京市108店,李1677,牛20362,海蓝之谜化妆棉775,294,15,80%,3528
5/5/2019,安康市455店,杨7731,司马25441,丝芙兰睫毛膏2648,106,8,90%,763.2
8/10/2019,杭州市145店,丁4719,,丝芙兰眉笔1672,154,21,100%,3234
7/12/2019,重庆市603店,李7408,,小护士卸妆/洁面2759,322,3,100%,966
5/28/2019,中卫市482店,丁3613,应11437,SK-II化妆刷2502,184,19,70%,2447.2
8/2/2019,长春市16店,金6710,,玉兰油乳液/面霜1934,209,2,100%,418
4/27/2019,绵阳市522店,金6269,应23510,MAC眉笔376,24,8,95%,182.4
8/22/2019,深圳市321店,孙67,卫8726,欧莱雅修眉刀2055,16,24,70%,268.8
4/10/2019,南京市106店,钱5555,蒋14682,小护士面膜821,175,7,80%,980
4/27/2019,温州市164店,杨421,应4893,娇兰眼霜2478,27,23,95%,589.95
5/1/2019,霍尔果斯市512店,李6417,王3670,欧莱雅眼霜2668,184,28,70%,3606.4
5/7/2019,哈尔滨市57店,侯4835,乔7107,兰蔻乳液/面霜1367,57,22,95%,1191.3
8/15/2019,温州市164店,刘1894,巴3805,植村秀隔离霜2056,189,15,90%,2551.5
1/12/2019,齐齐哈尔市67店,徐779,郑16857,欧莱雅面膜1759,121,1,90%,108.9
3/25/2019,海口市379店,于537,赵1254,雅诗兰黛卸妆/洁面2010,124,15,80%,1488
8/4/2019,珠海市330店,李6931,,美宝莲气垫844,96,10,100%,960
3/17/2019,广州市314店,孙3903,,苏菲女性护理用品2322,464,11,100%,5104
5/18/2019,延安市469店,赵5415,井26130,BobbiBrown睫毛膏1169,18,22,80%,316.8
2/15/2019,商洛市444店,于2824,,丝芙兰气垫234,193,3,100%,579
1/2/2019,舟山市179店,孙3261,,TF气垫2183,10,5,100%,50
8/26/2019,呼和浩特市261店,孙6650,应20110,植村秀睫毛膏1300,73,24,90%,1576.8
2/7/2019,乌鲁木齐市497店,孙6192,乔26754,丹麦蓝罐饼干蛋糕969,142,18,90%,2300.4
6/9/2019,舟山市173店,李5344,曹14471,海蓝之谜护肤礼盒2414,60,1,95%,57
8/16/2019,咸阳市420店,丁2154,刁271,倩碧化妆棉1987,279,14,95%,3710.7
6/21/2019,延安市440店,于5629,吴6153,玉兰油卸妆/洁面2184,93,21,70%,1367.1
6/24/2019,延安市436店,李414,王6946,CDP眼霜2679,63,6,80%,302.4
8/24/2019,延安市463店,孙1732,朱19559,ABC女性护理用品239,294,22,95%,6144.6
1/14/2019,长沙市224店,刘5371,,赫莲娜眼霜2802,167,12,100%,2004
3/3/2019,北海市360店,李7069,钱20610,美宝莲隔离霜1984,180,15,80%,2160
3/25/2019,丽江市565店,刘7303,华22127,美宝莲粉饼1646,586,23,70%,9434.6
2/24/2019,咸阳市419店,钱5142,华1132,海蓝之谜精华/肌底液1871,86,12,90%,928.8
7/29/2019,长沙市220店,于521,吕6717,海蓝之谜乳液/面霜1465,458,3,95%,1305.3
1/30/2019,贵阳市589店,侯3061,王5860,力士洗护套装2359,238,25,80%,4760
3/2/2019,福州市194店,于3530,于5254,玉兰油面膜1755,396,14,95%,5266.8
5/12/2019,福州市190店,侯2165,郑6385,海蓝之谜卸妆/洁面623,102,22,95%,2131.8
6/29/2019,咸阳市423店,孙7246,,沙宣护发素1810,266,28,100%,7448
8/8/2019,郑州市208店,丁157,何4296,兰蔻精华/肌底液2198,334,1,70%,233.8
3/3/2019,呼和浩特市251店,李7138,,潘婷洗发水1726,103,28,100%,2884
5/11/2019,林芝市578店,丁2202,刁4559,兰蔻粉扑198,62,10,95%,589
6/5/2019,三亚市398店,孙2716,,迪奥眼霜2278,2994,5,100%,14970
3/26/2019,文昌市388店,孙712,邬19715,张君雅小妹妹休闲零食1394,37,22,70%,569.8
2/14/2019,厦门市184店,徐1784,邬13391,苏菲女性护理用品1939,283,8,95%,2150.8
1/8/2019,安康市452店,丁1364,,康师傅方便食品298,480,3,100%,1440
8/29/2019,重庆市604店,于521,王26619,香奈儿气垫2750,1260,13,80%,13104
7/10/2019,齐齐哈尔市63店,徐6345,,CDP修眉刀1897,23,25,100%,575
7/30/2019,哈尔滨市58店,张2363,,MAC隔离霜272,875,1,100%,875
4/14/2019,南宁市343店,侯4052,,苏菲女性护理用品1424,483,2,100%,966
3/3/2019,兰州市514店,赵472,,雅诗兰黛乳液/面霜56,383,18,100%,6894
5/26/2019,西安市406店,孙4652,华3705,迪奥双眼皮贴2142,396,13,70%,3603.6
5/1/2019,包头市264店,于537,赵12370,潘婷护发素315,204,12,95%,2325.6
7/15/2019,太原市284店,金3315,,香奈儿粉饼1238,550,5,100%,2750
3/7/2019,长沙市221店,马4000,王19591,CDP卸妆/洁面1514,195,6,90%,1053
6/25/2019,武汉市213店,杨5082,东方6338,TF口红1337,29,16,70%,324.8
6/28/2019,南京市106店,赵2541,何12229,丝芙兰眼影2637,64,14,70%,627.2
7/1/2019,兰州市519店,李288,乔19220,谷优饼干蛋糕1778,116,12,95%,1322.4
5/19/2019,福州市194店,张1187,,依云饮用水1224,65,7,100%,455
3/13/2019,郑州市199店,马3499,曹25088,玉兰油卸妆/洁面215,193,13,90%,2258.1
7/9/2019,延安市436店,徐2793,钱3609,CDP化妆棉1721,117,1,80%,93.6
7/27/2019,长春市21店,王6950,司18232,沙宣洗护套装496,2952,16,70%,33062.4
3/12/2019,绵阳市525店,侯5727,巴10217,兰蔻卸妆/洁面2645,126,14,80%,1411.2
2/28/2019,喀什市506店,钱5220,,欧莱雅面膜630,222,7,100%,1554
4/6/2019,乌鲁木齐市497店,徐1253,,BobbiBrown气垫1701,12,14,100%,168
1/7/2019,深圳市317店,刘1374,赵58,SK-II精华/肌底液65,163,7,95%,1083.95
4/8/2019,宁波市157店,钱2244,李15035,美宝莲口红442,186,7,95%,1236.9
2/5/2019,贵阳市590店,徐7604,宗5289,飘柔洗发水2169,41,16,70%,459.2
3/4/2019,安康市456店,丁4528,巴7942,飘柔洗护套装441,482,24,90%,10411.2
7/25/2019,玉溪市568店,王5051,连11994,兰蔻精华/肌底液1056,89,7,70%,436.1
2/26/2019,福州市192店,金3447,周23523,娇兰面膜2810,1191,1,70%,833.7
1/25/2019,长春市15店,钱198,,雅诗兰黛乳液/面霜529,58,5,100%,290
2/7/2019,唐山市299店,邵4572,高28056,潘婷洗发水645,33,30,70%,693
5/23/2019,郑州市203店,丁402,李23063,海蓝之谜面膜1496,32,9,95%,273.6
5/29/2019,绵阳市521店,李4545,高14983,美宝莲眉笔2595,15,21,95%,299.25
7/11/2019,西安市415店,王381,蒋5652,苏菲女性护理用品2160,34,2,80%,54.4
5/24/2019,安康市456店,王6963,连9958,植村秀眉笔1048,95,8,95%,722
3/30/2019,延安市434店,孙4804,连24704,欧莱雅乳液/面霜104,190,4,95%,722
8/31/2019,安康市455店,金4212,周8229,SK-II眼霜12,52,8,80%,332.8
7/6/2019,大理市553店,金6279,赵25383,迪奥化妆棉2806,38,5,70%,133
3/29/2019,株洲市230店,杨4752,,沙宣发膜/精油1628,1062,18,100%,19116
1/25/2019,成都市532店,于7403,赵19434,小护士护肤礼盒2328,1340,1,80%,1072
3/15/2019,乌鲁木齐市497店,李1295,朱16649,德芙糖果/巧克力1715,394,14,70%,3861.2
4/8/2019,昆明市543店,丁1729,华22386,海蓝之谜眼霜411,1980,3,95%,5643
1/9/2019,昆明市540店,于6802,连25896,小护士化妆刷2703,45,3,70%,94.5
4/9/2019,洛阳市211店,张853,连4048,BobbiBrown口红2223,72,5,90%,324
4/28/2019,株洲市235店,张4684,严14056,统一方便食品1543,252,11,70%,1940.4
4/20/2019,包头市265店,李3203,郑9454,海蓝之谜护肤礼盒2798,21,1,80%,16.8
6/13/2019,哈尔滨市52店,马19,连7164,苏菲女性护理用品2171,278,28,95%,7394.8
4/4/2019,大连市45店,丁6116,严25443,香奈儿气垫8,50,12,80%,480
5/3/2019,三亚市399店,钱3500,卫27773,SK-II化妆刷526,170,19,70%,2261
1/13/2019,温州市159店,邵4422,宗7810,玉兰油卸妆/洁面2184,93,10,80%,744
7/21/2019,长沙市221店,李5693,上官14377,海飞丝旅行套装1379,298,29,70%,6049.4
4/13/2019,南昌市137店,邵2074,孙18110,娇兰乳液/面霜1349,21,4,80%,67.2
5/4/2019,厦门市187店,钱3168,巴22887,香奈儿隔离霜157,289,20,70%,4046
7/19/2019,宁波市149店,于3176,王4429,SK-II眼霜127,1798,3,80%,4315.2
4/22/2019,武汉市215店,王2254,李18871,苏菲女性护理用品147,71,13,80%,738.4
8/19/2019,海口市372店,于4224,卫18256,SK-II化妆棉1901,116,27,90%,2818.8
1/10/2019,西安市412店,丁1443,,皇冠饼干蛋糕612,39,10,100%,390
6/5/2019,湘潭市243店,王1752,吴590,沙宣护发素1044,14,30,95%,399
4/16/2019,包头市264店,金719,,TF口红271,19,1,100%,19
4/6/2019,丽江市555店,于1137,孙22547,飘柔洗发水982,10,30,95%,285
3/19/2019,舟山市177店,丁6719,巴18822,赫莲娜乳液/面霜2147,173,29,70%,3511.9
2/25/2019,南宁市339店,张5230,,欧莱雅精华/肌底液2144,8,14,100%,112
7/18/2019,文昌市383店,赵6563,,BobbiBrown粉饼1797,268,8,100%,2144
4/23/2019,青岛市97店,刘3666,,金帝糖果/巧克力988,188,21,100%,3948
5/8/2019,北京市272店,侯3947,高10521,谷优饼干蛋糕946,170,1,80%,136
5/6/2019,南宁市349店,丁7433,朱23249,一兰方便食品182,55,4,95%,209
6/2/2019,贵阳市589店,柯6724,,欧莱雅修眉刀1654,749,22,100%,16478
3/8/2019,西安市412店,李2444,曹7899,苏菲女性护理用品617,1442,28,80%,32300.8
2/14/2019,铁岭市36店,王641,,SK-II卸妆/洁面2298,1445,30,100%,43350
7/30/2019,湘潭市249店,柯3496,周2390,玉兰油乳液/面霜997,95,5,90%,427.5
5/20/2019,南宁市344店,钱6203,司马4555,海牌休闲零食2172,114,27,90%,2770.2
5/9/2019,厦门市185店,徐4112,井18090,BobbiBrown睫毛膏1765,196,3,80%,470.4
1/27/2019,安康市425店,金4767,东方14290,TF粉饼778,385,29,90%,10048.5
8/5/2019,南宁市340店,邵226,,TF隔离霜74,602,24,100%,14448
2/8/2019,唐山市302店,马3247,乔19194,小护士面膜1366,1077,6,95%,6138.9
3/31/2019,文昌市388店,王7270,牛2528,TF眼影2420,146,17,70%,1737.4
3/4/2019,烟台市92店,杨3219,宗26226,香奈儿气垫1027,12,13,80%,124.8
2/8/2019,文昌市385店,徐652,应3553,金帝糖果/巧克力766,8,1,95%,7.6
4/22/2019,呼和浩特市253店,柯6620,,SK-II护肤礼盒2228,263,19,100%,4997
4/15/2019,贵阳市597店,徐2971,于21303,植村秀粉饼345,89,15,95%,1268.25
2/19/2019,咸阳市423店,王1283,吴27116,欧莱雅乳液/面霜1520,52,23,95%,1136.2
1/12/2019,丽江市554店,钱3840,孙16140,明治饼干蛋糕2315,18,6,80%,86.4
6/15/2019,深圳市321店,李3826,华11992,兰蔻精华/肌底液656,425,3,70%,892.5
1/24/2019,桂林市354店,于163,牛11648,TF隔离霜1222,293,17,70%,3486.7
5/20/2019,温州市164店,马900,东方12128,娇兰乳液/面霜2800,303,19,70%,4029.9
2/11/2019,温州市160店,徐4047,蒋15438,植村秀眼影226,50,10,70%,350
8/20/2019,喀什市507店,杨3779,邬27240,迪奥粉扑1139,166,12,70%,1394.4
2/17/2019,中卫市487店,马443,,TF隔离霜1633,124,22,100%,2728
8/11/2019,绵阳市523店,杨772,孙21715,CDP护肤礼盒1370,184,24,70%,3091.2
3/13/2019,烟台市92店,侯6477,李7511,欧莱雅眼霜2668,184,7,70%,901.6
5/29/2019,烟台市90店,丁388,,MAC口红1762,1142,4,100%,4568
7/6/2019,北海市367店,杨1596,东方23183,TF眉笔2392,72,1,70%,50.4
6/19/2019,合肥市79店,王747,,明治饼干蛋糕654,239,3,100%,717
3/17/2019,商洛市446店,杨3317,吕5206,SK-II卸妆/洁面1151,60,12,70%,504
1/3/2019,齐齐哈尔市67店,侯6556,,BobbiBrown口红602,166,10,100%,1660
4/20/2019,珠海市331店,于2993,,娇兰面膜503,1609,7,100%,11263
6/2/2019,绵阳市522店,马2332,吕22823,飘柔护发素2332,29,28,70%,568.4
2/7/2019,合肥市79店,刘942,牛26705,小护士眼霜1411,200,17,80%,2720
6/4/2019,中卫市485店,杨3482,高15266,沙宣洗发水418,37,29,70%,751.1
8/24/2019,舟山市176店,丁4898,,倩碧眼霜2522,568,11,100%,6248
2/15/2019,文昌市382店,王5916,孙14405,植村秀隔离霜767,110,7,80%,616
5/3/2019,珠海市329店,邵7315,司613,赫莲娜面膜669,158,16,80%,2022.4
5/26/2019,济南市84店,金7518,,雅诗兰黛面膜169,184,15,100%,2760
1/12/2019,珠海市332店,徐1676,司马28386,迪奥乳液/面霜2360,102,22,80%,1795.2
6/15/2019,无锡市115店,金5400,李65,潘婷护发素285,29,4,95%,110.2
3/11/2019,杭州市142店,孙850,王10939,赫莲娜面膜915,234,4,95%,889.2
5/24/2019,吉林市14店,李5837,乔9585,ABC女性护理用品335,203,18,90%,3288.6
1/17/2019,青岛市100店,李6670,,SK-II精华/肌底液2816,43,10,100%,430
7/8/2019,济南市82店,侯4088,郑19848,兰蔻乳液/面霜2530,391,6,70%,1642.2
4/30/2019,文昌市384店,徐6739,牛21771,海飞丝旅行套装1379,298,27,90%,7241.4
6/22/2019,喀什市508店,张1239,于27607,丝芙兰口红2614,34,8,90%,244.8
3/23/2019,包头市265店,侯4004,,欧莱雅面膜1105,355,7,100%,2485
5/10/2019,商洛市445店,丁155,卫23402,白色恋人饼干蛋糕2720,648,3,70%,1360.8
4/7/2019,合肥市77店,丁993,吴24113,香奈儿口红1893,159,9,95%,1359.45
4/2/2019,长春市19店,柯3657,姜541,美宝莲腮红55,236,14,95%,3138.8
8/21/2019,西安市406店,柯2500,王5046,斯波德糖果/巧克力2490,540,1,80%,432
3/22/2019,舟山市181店,张7396,孙5252,植村秀气垫479,13,25,95%,308.75
5/24/2019,三亚市396店,柯3820,曹16762,SK-II修眉刀2526,24,13,70%,218.4
5/22/2019,丽江市560店,王4089,郑18239,SK-II眼霜2628,11,30,70%,231
5/9/2019,长沙市227店,徐6436,乔21999,海蓝之谜眼霜411,1980,22,70%,30492
6/6/2019,舟山市170店,于2446,,丝芙兰气垫1957,18,4,100%,72
3/3/2019,福州市193店,马1478,朱20564,兰蔻修眉刀2659,193,24,70%,3242.4
7/2/2019,济南市85店,徐3551,于19767,玉兰油精华/肌底液1991,93,7,90%,585.9
7/27/2019,苏州市122店,孙1085,应9606,MAC睫毛膏1314,230,22,90%,4554
1/15/2019,文昌市389店,侯6001,宗254,植村秀眉笔1485,15,3,70%,31.5
6/25/2019,包头市266店,侯2896,,力士旅行套装1807,191,25,100%,4775
2/17/2019,青岛市103店,丁2692,曹7908,CDP眼霜927,1038,18,70%,13078.8
4/15/2019,唐山市299店,邵5968,邬20710,谷优饼干蛋糕1818,98,27,80%,2116.8
6/28/2019,延安市468店,赵437,卫5903,丝芙兰粉饼848,91,13,90%,1064.7
1/18/2019,舟山市183店,杨5406,司6396,苏菲女性护理用品480,11,23,95%,240.35
2/4/2019,贵阳市591店,于5616,牛6198,娇兰眼霜1221,1381,22,70%,21267.4
4/17/2019,厦门市184店,杨2762,,娇兰双眼皮贴1917,117,30,100%,3510
4/8/2019,安康市455店,李4170,,美宝莲睫毛膏2465,52,4,100%,208
1/10/2019,长沙市221店,刘479,卫24000,植村秀隔离霜392,283,22,80%,4980.8
5/31/2019,丽江市561店,丁2346,牛2568,东方树叶饮料2364,382,18,90%,6188.4
3/14/2019,呼和浩特市258店,孙810,蒋4561,小护士面膜2817,41,22,80%,721.6
6/1/2019,湘潭市241店,徐2566,上官16927,丝芙兰眼线笔1570,274,12,95%,3123.6
1/5/2019,商洛市448店,刘6878,,小护士面膜821,175,4,100%,700
6/30/2019,南宁市349店,于3122,宗3268,小护士精华/肌底液313,289,27,95%,7412.85
5/28/2019,海口市378店,张4833,乔23006,金帝糖果/巧克力2693,44,25,95%,1045
3/24/2019,深圳市319店,孙6745,卫10770,CDP化妆棉2001,297,16,95%,4514.4
1/30/2019,安康市453店,柯1778,,品客休闲零食2815,340,22,100%,7480
3/5/2019,吉林市12店,杨6264,,小护士眼霜199,194,16,100%,3104
8/6/2019,哈尔滨市60店,柯1760,连27871,兰蔻乳液/面霜1049,265,7,95%,1762.25
4/29/2019,延安市471店,孙7438,,雀巢饮用水2746,1567,23,100%,36041
3/2/2019,绵阳市525店,侯1584,司马21335,海飞丝洗护套装2484,333,8,80%,2131.2
7/2/2019,延安市438店,张5695,曹16576,香奈儿粉饼179,80,11,90%,792
5/21/2019,成都市535店,赵1129,高2985,丝芙兰粉饼1975,130,22,70%,2002
3/15/2019,南京市107店,钱7375,,苏菲女性护理用品71,481,13,100%,6253
4/19/2019,西安市412店,丁2725,曹11627,玉兰油眼霜1539,389,13,90%,4551.3
1/8/2019,大连市44店,徐223,应26564,美宝莲气垫844,96,20,95%,1824
8/19/2019,青岛市103店,王3211,钱4971,玉兰油眼霜2263,598,24,90%,12916.8
3/14/2019,林芝市582店,金3189,应10137,海蓝之谜面膜552,855,4,95%,3249
6/6/2019,洛阳市209店,丁1168,东方21400,麦维他饼干蛋糕2615,337,30,70%,7077
4/23/2019,文昌市384店,马773,,兰蔻卸妆/洁面1398,202,13,100%,2626
3/20/2019,呼和浩特市258店,孙2176,,植村秀气垫701,346,6,100%,2076
5/16/2019,武汉市213店,金2922,,沙宣洗发水1201,122,9,100%,1098
7/17/2019,南京市106店,侯6295,,力士发膜/精油1613,62,29,100%,1798
4/13/2019,哈尔滨市57店,孙6124,,玉兰油护肤礼盒2454,8,18,100%,144
5/6/2019,昆明市539店,徐6739,,小护士护肤礼盒1681,399,3,100%,1197
5/29/2019,唐山市306店,侯2245,何13169,苏菲女性护理用品405,354,17,70%,4212.6
8/3/2019,三亚市400店,丁6861,严7038,东方树叶饮料2235,125,11,70%,962.5
8/14/2019,海口市372店,赵6258,,力士护发素1088,90,4,100%,360
7/31/2019,哈尔滨市49店,王347,吴24862,SK-II护肤礼盒368,380,26,95%,9386
4/16/2019,三亚市396店,李1512,,CDP乳液/面霜989,91,19,100%,1729
5/1/2019,绵阳市520店,刘1380,,SK-II护肤礼盒2228,263,19,100%,4997
7/19/2019,济南市80店,于4931,乔1102,MAC气垫2704,192,19,80%,2918.4
3/5/2019,乌鲁木齐市495店,张444,,卡夫糖果/巧克力1821,59,1,100%,59
1/30/2019,兰州市517店,李7565,,MAC粉饼1839,10,11,100%,110
3/21/2019,三亚市398店,于5138,牛23820,美宝莲隔离霜96,568,25,70%,9940
8/29/2019,贵阳市591店,丁2343,,苏菲女性护理用品565,199,5,100%,995
5/16/2019,合肥市77店,孙526,连12966,家乐氏冲调食品943,299,8,80%,1913.6
1/6/2019,林芝市583店,邵4736,于7901,雀巢冲调食品1575,120,13,80%,1248
1/27/2019,林芝市581店,刘2749,司10502,SK-II卸妆/洁面1468,232,16,70%,2598.4
4/25/2019,桂林市351店,金3681,连26601,迪奥乳液/面霜5,294,5,95%,1396.5
5/12/2019,广州市315店,刘3282,于8592,倩碧护肤礼盒839,136,21,95%,2713.2
7/20/2019,海口市381店,孙5792,刁28370,美宝莲隔离霜2593,145,24,80%,2784
1/5/2019,三亚市391店,刘4614,,倩碧乳液/面霜2558,371,9,100%,3339
6/15/2019,青岛市104店,李5564,应26217,欧莱雅护肤礼盒1446,1096,8,95%,8329.6
7/4/2019,海口市375店,张7499,李20052,ABC女性护理用品788,488,12,80%,4684.8
5/16/2019,成都市535店,钱7682,高3022,MAC隔离霜1793,96,18,80%,1382.4
4/24/2019,齐齐哈尔市73店,马2381,乔28020,美宝莲粉饼632,313,9,80%,2253.6
3/17/2019,商洛市448店,邵2120,东方8610,CDP卸妆/洁面2318,78,28,90%,1965.6
1/3/2019,武汉市213店,金1040,王17557,雪碧饮料399,414,12,80%,3974.4
3/29/2019,延安市471店,邵768,,SK-II面膜1094,1143,19,100%,21717
7/25/2019,大理市545店,王6245,王5591,BobbiBrown隔离霜2672,70,25,80%,1400
2/28/2019,西安市409店,于4903,曹3383,雅诗兰黛修眉刀2316,16,27,70%,302.4
8/11/2019,哈尔滨市59店,孙3504,,力士洗护套装684,279,16,100%,4464
3/3/2019,郑州市198店,马7725,东方23980,海飞丝洗护套装1132,9,26,95%,222.3
2/3/2019,南宁市339店,赵1792,刁8035,海飞丝洗发水294,120,25,70%,2100
4/29/2019,苏州市121店,马4488,郑21746,赫莲娜面膜731,598,11,70%,4604.6
3/22/2019,长沙市221店,李4210,华21861,CDP化妆棉43,8,8,90%,57.6
8/8/2019,唐山市306店,刘6595,井16846,潘婷洗护套装1757,159,8,95%,1208.4
7/10/2019,海口市374店,柯6617,井13526,三养方便食品483,374,12,95%,4263.6
2/8/2019,呼和浩特市254店,马373,,TF眼影2317,3,12,100%,36
2/5/2019,林芝市577店,柯4190,牛5169,皇冠饼干蛋糕394,273,25,95%,6483.75
2/15/2019,北海市361店,王1485,曹19800,飘柔护发素995,974,2,70%,1363.6
8/30/2019,重庆市600店,于3662,,酷儿饮料777,347,18,100%,6246
5/28/2019,昆明市537店,马19,上官20036,娇兰双眼皮贴2590,259,5,95%,1230.25
8/5/2019,福州市194店,赵6899,李3968,飘柔洗发水2052,124,18,90%,2008.8
1/3/2019,厦门市184店,张7412,王5470,香奈儿气垫410,358,4,80%,1145.6
2/8/2019,大连市47店,马5773,,苏菲女性护理用品761,227,14,100%,3178
2/11/2019,株洲市232店,丁2334,孙23777,欧莱雅乳液/面霜2166,236,26,80%,4908.8
8/5/2019,呼和浩特市257店,刘2296,赵2140,力士护发素2784,48,21,90%,907.2
4/28/2019,玉溪市573店,于5876,姜16918,潘婷洗发水1940,20,19,70%,266
3/5/2019,林芝市579店,于4810,,TF气垫2143,398,2,100%,796
1/8/2019,齐齐哈尔市70店,丁6116,钱2029,丝芙兰眉笔533,77,17,80%,1047.2
4/30/2019,丽江市559店,丁3347,连22563,海飞丝洗发水2515,3,24,80%,57.6
7/27/2019,重庆市601店,于2446,曹9281,美宝莲睫毛膏108,361,28,90%,9097.2
2/19/2019,珠海市327店,于4294,郑389,雀巢冲调食品2517,304,24,80%,5836.8
5/28/2019,三亚市399店,徐995,何7112,飘柔洗发水563,486,13,95%,6002.1
1/15/2019,铁岭市33店,徐6865,赵3227,植村秀眼线笔492,175,20,90%,3150
1/8/2019,丽江市564店,金4688,,麦维他饼干蛋糕1746,298,26,100%,7748
5/6/2019,南京市105店,侯6979,刁16705,MAC隔离霜134,138,30,70%,2898
4/24/2019,南昌市129店,金6385,周7273,赫莲娜乳液/面霜39,189,2,70%,264.6
5/3/2019,深圳市317店,杨2893,吕12225,雪碧饮料231,240,2,95%,456
1/12/2019,唐山市311店,赵4160,蒋28339,TF眉笔653,22,16,80%,281.6
4/1/2019,兰州市518店,刘7201,王19226,赫莲娜面膜1733,586,27,95%,15030.9
5/17/2019,铁岭市31店,邵1905,邬19406,沙宣洗发水551,29,28,90%,730.8
2/5/2019,咸阳市416店,李667,乔21392,植村秀口红1497,1085,23,70%,17468.5
5/15/2019,吉林市5店,李6458,,丝芙兰气垫444,132,19,100%,2508
1/8/2019,温州市161店,杨4964,蒋2277,海飞丝洗护套装1132,9,21,90%,170.1
6/6/2019,无锡市115店,刘2386,华1788,丝芙兰隔离霜603,180,3,70%,378
4/30/2019,乌鲁木齐市492店,张3734,周15984,植村秀眼影2266,24,4,90%,86.4
7/4/2019,安康市458店,王6242,,MAC眉笔2673,14,3,100%,42
2/22/2019,商洛市447店,孙4478,东方27298,欧莱雅精华/肌底液194,232,18,95%,3967.2
2/19/2019,延安市465店,钱6373,吕27423,农夫山泉饮用水1103,29,4,90%,104.4
4/30/2019,北京市273店,杨6025,,MAC眼线笔922,27,27,100%,729
3/10/2019,长沙市222店,侯4214,华18605,MAC粉饼749,1990,18,90%,32238
2/10/2019,大连市48店,刘2875,,植村秀隔离霜1031,147,12,100%,1764
1/25/2019,太原市291店,邵1714,刁17460,海蓝之谜护肤礼盒2053,243,7,95%,1615.95
6/28/2019,哈尔滨市52店,孙5920,赵26963,CDP护肤礼盒1196,257,6,95%,1464.9
1/4/2019,长春市22店,柯5364,曹21360,美宝莲气垫844,96,19,95%,1732.8
8/18/2019,北海市358店,孙2905,朱20968,苏菲女性护理用品2171,278,17,70%,3308.2
8/19/2019,宁波市148店,张172,华3378,娇兰面膜1872,894,7,70%,4380.6
7/21/2019,延安市469店,于4259,姜3036,娇兰面膜678,71,14,95%,944.3
4/28/2019,丽江市564店,张2524,周26838,娇兰乳液/面霜489,9,28,90%,226.8
1/29/2019,银川市474店,李398,乔11594,兰蔻精华/肌底液1876,9,25,95%,213.75
7/2/2019,深圳市325店,邵7226,曹1166,沙宣护发素316,10,5,90%,45
3/30/2019,唐山市307店,邵3477,,赫莲娜眼霜2162,225,26,100%,5850
2/14/2019,乌鲁木齐市492店,马5036,,玉兰油面膜2314,138,19,100%,2622
6/14/2019,汉中市432店,刘1423,高14646,香奈儿口红916,56,8,70%,313.6
7/23/2019,包头市265店,邵4320,,皇冠饼干蛋糕1396,93,11,100%,1023
2/24/2019,南宁市340店,杨5842,应20439,雅诗兰黛修眉刀2316,16,19,80%,243.2
5/16/2019,珠海市336店,徐298,,玉兰油护肤礼盒1197,174,8,100%,1392
2/11/2019,文昌市386店,侯5921,,赫莲娜乳液/面霜1542,7,3,100%,21
7/23/2019,深圳市319店,丁7722,,SK-II眼霜2212,54,29,100%,1566
1/15/2019,喀什市503店,孙3665,,赫莲娜眼霜1006,54,3,100%,162
4/2/2019,喀什市505店,侯6575,,飘柔护发素1171,36,10,100%,360
3/21/2019,武汉市219店,孙6546,,欧莱雅面膜1629,105,30,100%,3150
1/12/2019,吉林市8店,杨3322,巴10361,沙宣护发素1840,32,7,70%,156.8
8/20/2019,烟台市91店,丁3979,曹17466,兰蔻化妆刷2248,319,25,70%,5582.5
8/2/2019,大理市549店,刘5621,姜22276,MAC气垫1754,60,17,95%,969
5/11/2019,长春市20店,刘5853,王18183,倩碧乳液/面霜1592,196,27,95%,5027.4
4/11/2019,宁波市158店,于5428,蒋20632,沙宣洗发水447,329,5,95%,1562.75
2/5/2019,吉林市11店,钱1090,,护舒宝女性护理用品1682,477,3,100%,1431
6/20/2019,大理市547店,于3389,严4786,MAC隔离霜2008,250,20,90%,4500
7/3/2019,绵阳市526店,于4037,吕1677,小护士面膜926,154,11,95%,1609.3
7/13/2019,济南市88店,钱7021,严22776,香奈儿气垫2750,1260,7,95%,8379
7/14/2019,玉溪市566店,侯1502,于24484,丝芙兰睫毛膏2707,87,23,80%,1600.8
6/30/2019,唐山市306店,徐6751,上官6185,倩碧眼霜2522,568,26,90%,13291.2
7/15/2019,桂林市355店,杨1473,连664,BobbiBrown隔离霜812,172,5,95%,817
5/25/2019,咸阳市416店,李2347,,SK-II护肤礼盒1582,90,19,100%,1710
3/26/2019,北京市270店,丁1748,,爱西麦冲调食品1561,116,16,100%,1856
7/11/2019,桂林市354店,赵6990,,丝芙兰睫毛膏1117,89,21,100%,1869
7/5/2019,喀什市504店,丁6496,司218,娇兰面膜41,85,11,70%,654.5
3/9/2019,乌鲁木齐市493店,孙5622,司马8990,雀巢冲调食品506,86,10,95%,817
4/16/2019,合肥市76店,柯1009,朱15483,香奈儿隔离霜1806,1564,19,70%,20801.2
6/12/2019,贵阳市584店,赵6212,,CDP卸妆/洁面616,13,2,100%,26
1/15/2019,唐山市310店,柯744,乔26551,东方树叶饮料201,363,11,95%,3793.35
7/4/2019,南宁市340店,侯1082,司25741,兰蔻乳液/面霜666,36,4,80%,115.2
8/22/2019,玉溪市569店,赵5486,,美宝莲口红1737,121,1,100%,121
4/23/2019,延安市470店,邵4062,宗28144,沙宣洗发水412,1602,6,70%,6728.4
6/2/2019,兰州市517店,于7673,吴1194,飘柔护发素587,1267,11,70%,9755.9
8/12/2019,无锡市120店,邵1255,,SK-II卸妆/洁面1151,60,13,100%,780
1/10/2019,郑州市198店,钱5636,,SK-II精华/肌底液65,163,17,100%,2771
4/19/2019,贵阳市597店,张3786,,依云饮用水2425,297,8,100%,2376
4/21/2019,深圳市323店,刘5853,吕13271,三养方便食品464,327,28,80%,7324.8
3/5/2019,大连市44店,赵5433,井5194,玉兰油化妆棉213,23,16,90%,331.2
6/16/2019,包头市265店,李4323,上官6999,TF口红2323,14,8,70%,78.4
4/18/2019,宁波市155店,杨2072,曹4290,倩碧卸妆/洁面987,17,19,90%,290.7
2/22/2019,西安市412店,于617,宗11050,海蓝之谜精华/肌底液1332,232,18,80%,3340.8
1/7/2019,成都市534店,徐6510,高15760,欧莱雅面膜1274,46,3,95%,131.1
7/24/2019,厦门市186店,刘348,,娇兰眼霜2478,27,27,100%,729
5/19/2019,广元市527店,金2521,宗20476,潘婷洗发水1801,397,8,80%,2540.8
8/11/2019,唐山市306店,丁1688,,香奈儿眼影1875,395,2,100%,790
5/23/2019,南昌市137店,丁6525,连2066,海蓝之谜化妆棉1480,18,18,90%,291.6
5/20/2019,贵阳市588店,于238,吕26927,欧莱雅护肤礼盒1446,1096,1,70%,767.2
4/27/2019,唐山市312店,王7733,于14374,卡乐比冲调食品1017,21,5,95%,99.75
7/29/2019,绵阳市523店,杨2536,卫6851,小护士乳液/面霜319,28,11,90%,277.2
7/9/2019,霍尔果斯市511店,孙1611,高27681,潘婷洗发水1714,34,12,70%,285.6
7/5/2019,齐齐哈尔市72店,李7127,钱25331,小护士乳液/面霜319,28,5,95%,133
5/26/2019,南宁市347店,王3020,,雅诗兰黛面膜532,377,20,100%,7540
4/21/2019,商洛市449店,张3710,,BobbiBrown眼影2812,114,21,100%,2394
1/28/2019,丽江市555店,钱3512,,植村秀粉饼64,399,21,100%,8379
1/9/2019,贵阳市593店,钱1262,,海蓝之谜修眉刀1794,138,16,100%,2208
7/26/2019,咸阳市420店,孙1934,东方24271,护舒宝女性护理用品1516,85,7,90%,535.5
5/11/2019,延安市465店,马1449,井17152,赫莲娜卸妆/洁面837,76,15,90%,1026
7/23/2019,石家庄市297店,王7264,朱1720,统一方便食品2034,24,29,90%,626.4
3/8/2019,大连市41店,徐3551,上官21290,雅诗兰黛乳液/面霜1868,389,7,90%,2450.7
6/19/2019,贵阳市588店,刘5119,,倩碧面膜1764,19,30,100%,570
2/2/2019,无锡市118店,于163,钱4131,苏菲女性护理用品27,125,14,90%,1575
8/16/2019,宁波市156店,于3373,卫15943,飘柔发膜/精油629,63,30,90%,1701
8/30/2019,福州市194店,孙6745,孙21502,护舒宝女性护理用品1760,98,15,95%,1396.5
8/28/2019,丽江市562店,丁6572,孙27370,植村秀口红2561,24,22,80%,422.4
1/2/2019,深圳市323店,钱6162,,倩碧乳液/面霜1246,111,22,100%,2442
3/11/2019,南宁市346店,于5428,,植村秀口红1949,476,27,100%,12852
7/13/2019,呼和浩特市252店,金5583,,小护士化妆棉1495,146,28,100%,4088
5/24/2019,喀什市505店,赵1141,,TF隔离霜1,127,13,100%,1651
1/2/2019,大理市545店,王3262,王15704,迪奥卸妆/洁面1883,28,6,90%,151.2
1/25/2019,商洛市446店,马6921,,品客休闲零食289,122,29,100%,3538
7/23/2019,北海市357店,张2363,东方19459,CDP护肤礼盒1196,257,30,70%,5397
8/29/2019,沈阳市27店,柯423,严22482,植村秀眉笔2188,261,2,95%,495.9
6/4/2019,安康市426店,于4855,,麦维他饼干蛋糕2047,20,21,100%,420
2/27/2019,北京市275店,柯456,吕17207,倩碧面膜1764,19,15,80%,228
2/27/2019,吉林市5店,张714,,苏菲女性护理用品1340,128,8,100%,1024
6/21/2019,玉溪市572店,刘1750,王11838,兰蔻面膜1467,22,17,95%,355.3
5/15/2019,舟山市183店,赵7101,赵21146,海蓝之谜卸妆/洁面2189,5,23,70%,80.5
5/12/2019,株洲市235店,柯2051,孙3047,谷优饼干蛋糕1818,98,4,80%,313.6
7/26/2019,深圳市318店,柯4944,上官1238,BobbiBrown隔离霜382,165,14,90%,2079
1/30/2019,南昌市135店,徐2533,郑3759,美宝莲粉饼870,1298,10,70%,9086
1/21/2019,长春市20店,徐6994,,卡乐比冲调食品1017,21,8,100%,168
5/28/2019,林芝市580店,杨4228,周4486,美宝莲眼影1728,238,29,90%,6211.8
7/31/2019,贵阳市596店,杨4865,,潘婷护发素2539,99,21,100%,2079
5/11/2019,北京市274店,于494,上官14583,海蓝之谜眼霜1713,261,3,95%,743.85
6/2/2019,咸阳市417店,钱5887,李24686,小护士乳液/面霜2477,26,1,80%,20.8
7/22/2019,温州市161店,丁6029,,迪奥卸妆/洁面458,24,14,100%,336
6/12/2019,吉林市2店,丁3583,巴16378,苏菲女性护理用品1268,167,25,70%,2922.5
1/15/2019,喀什市506店,张2880,华21210,美宝莲隔离霜1960,620,26,90%,14508
1/3/2019,长沙市220店,邵5466,,力士洗发水224,227,7,100%,1589
3/17/2019,安康市452店,马5036,赵21326,欧莱雅眼霜2255,395,7,95%,2626.75
8/9/2019,郑州市202店,徐4590,牛11151,MAC粉饼2488,8,7,70%,39.2
3/24/2019,延安市435店,钱3029,,力士护发素14,470,28,100%,13160
1/21/2019,株洲市231店,侯5490,乔22302,费列罗糖果/巧克力1136,746,29,80%,17307.2
8/25/2019,深圳市323店,王2009,赵16227,欧莱雅护肤礼盒2391,286,23,70%,4604.6
3/15/2019,昆明市539店,李5693,,麦维他饼干蛋糕1391,186,16,100%,2976
3/15/2019,温州市162店,徐6359,钱20691,海蓝之谜精华/肌底液1332,232,13,90%,2714.4
4/13/2019,唐山市303店,张3838,蒋6835,赫莲娜化妆刷742,3156,30,70%,66276
3/4/2019,昆明市541店,孙3385,吕4493,植村秀腮红2464,233,23,70%,3751.3
7/5/2019,大理市553店,徐1492,井5574,CDP护肤礼盒1196,257,24,70%,4317.6
3/21/2019,乌鲁木齐市493店,钱2281,,MAC粉饼1839,10,20,100%,200
2/13/2019,咸阳市423店,马5157,,植村秀睫毛膏2275,127,11,100%,1397
5/7/2019,长沙市220店,张4138,朱17510,欧莱雅面膜2443,801,30,90%,21627
8/10/2019,呼和浩特市258店,杨3197,巴2556,香奈儿隔离霜1307,80,1,90%,72
4/1/2019,北海市360店,侯666,,CDP眼霜2563,9,3,100%,27
7/20/2019,唐山市307店,徐5708,司马17055,沙宣发膜/精油2352,482,9,95%,4121.1
6/2/2019,沈阳市25店,金4253,卫7310,美宝莲粉饼632,313,9,70%,1971.9
1/24/2019,乌鲁木齐市500店,孙2770,何1167,护舒宝女性护理用品2003,46,18,80%,662.4
5/2/2019,大连市43店,于197,上官19679,雅诗兰黛卸妆/洁面128,388,16,70%,4345.6
4/14/2019,哈尔滨市60店,李1766,,康师傅方便食品1907,212,11,100%,2332
4/1/2019,三亚市395店,徐3770,,丝芙兰口红1850,257,20,100%,5140
5/18/2019,乌鲁木齐市497店,钱3276,卫17195,植村秀睫毛膏1665,98,20,80%,1568
3/5/2019,延安市466店,于1333,邬9599,海蓝之谜精华/肌底液1332,232,26,90%,5428.8
2/19/2019,文昌市385店,侯4691,于6328,海蓝之谜面膜306,27,21,95%,538.65
5/17/2019,青岛市98店,于3476,蒋19075,小护士面膜2667,175,5,90%,787.5
1/11/2019,银川市476店,邵6830,乔28256,欧莱雅眼霜1273,159,11,70%,1224.3
8/14/2019,温州市168店,杨6421,王23294,BobbiBrown口红2475,61,24,80%,1171.2
5/3/2019,成都市533店,赵36,,小护士面膜1038,18,26,100%,468
1/25/2019,北京市272店,王5028,乔5835,护舒宝女性护理用品1963,15,14,95%,199.5
7/28/2019,南宁市346店,张6321,上官3717,兰蔻眼霜232,134,22,95%,2800.6
5/11/2019,齐齐哈尔市68店,侯6997,吴18264,费列罗糖果/巧克力188,239,10,80%,1912
5/26/2019,包头市265店,丁3569,连24258,植村秀隔离霜2620,173,28,70%,3390.8
5/10/2019,安康市460店,金6959,曹14352,费列罗糖果/巧克力1304,24,29,95%,661.2
2/1/2019,哈尔滨市62店,赵6547,牛14001,BobbiBrown眉笔677,179,11,95%,1870.55
1/11/2019,武汉市212店,王2563,姜26723,植村秀口红525,168,3,95%,478.8
6/11/2019,北京市271店,柯7181,司12362,护舒宝女性护理用品150,104,25,70%,1820
5/8/2019,北海市361店,杨1653,,海蓝之谜眼霜1193,28,6,100%,168
6/6/2019,南昌市135店,金6473,,酷儿饮料777,347,6,100%,2082
4/9/2019,杭州市143店,赵472,吕18497,康师傅方便食品298,480,7,70%,2352
3/10/2019,铁岭市40店,王5355,东方2186,爱西麦冲调食品792,15,30,80%,360
3/9/2019,铁岭市38店,钱3120,,康师傅饮用水2723,14,12,100%,168
3/7/2019,安康市460店,杨786,,海蓝之谜乳液/面霜2261,50,17,100%,850
8/21/2019,桂林市352店,李2840,周3994,美宝莲睫毛膏221,135,3,70%,283.5
5/30/2019,长沙市226店,刘1256,,爱西麦冲调食品577,257,11,100%,2827
7/1/2019,苏州市122店,柯7046,,SK-II双眼皮贴1813,114,28,100%,3192
7/26/2019,郑州市208店,钱3643,连4048,雅诗兰黛眼霜1922,154,3,90%,415.8
1/11/2019,乌鲁木齐市489店,金931,,植村秀粉饼1146,219,20,100%,4380
5/12/2019,太原市291店,刘1100,,植村秀隔离霜575,50,12,100%,600
4/27/2019,海口市371店,杨4993,郑22399,SK-II修眉刀2680,194,3,95%,552.9
3/30/2019,中卫市487店,孙4989,曹4090,玉兰油乳液/面霜828,12,8,70%,67.2
1/4/2019,舟山市178店,邵7053,曹2050,BobbiBrown眉笔102,202,16,70%,2262.4
1/27/2019,郑州市206店,刘3337,牛13874,白色恋人饼干蛋糕557,42,14,90%,529.2
6/28/2019,石家庄市296店,孙3450,周13351,苏菲女性护理用品1129,75,27,80%,1620
6/7/2019,长沙市225店,杨1430,,植村秀粉饼126,97,19,100%,1843
5/13/2019,吉林市12店,于1333,周13781,赫莲娜卸妆/洁面2404,15,25,70%,262.5
7/26/2019,石家庄市296店,侯678,巴615,TF眉笔911,231,8,90%,1663.2
5/28/2019,深圳市319店,侯6597,吴21011,MAC隔离霜2127,17,15,90%,229.5
4/6/2019,银川市472店,邵2101,吕22118,美宝莲口红1235,197,14,70%,1930.6
4/24/2019,株洲市233店,李383,朱21393,植村秀气垫970,250,5,70%,875
5/26/2019,延安市439店,李2701,,BobbiBrown口红1177,17,27,100%,459
1/18/2019,昆明市536店,王6101,华1235,海蓝之谜双眼皮贴1498,123,27,90%,2988.9
4/26/2019,南京市109店,刘3179,卫25604,CDP面膜803,217,30,90%,5859
6/11/2019,银川市473店,金5817,上官10683,香奈儿眼影250,2878,14,80%,32233.6
4/3/2019,株洲市237店,马6118,李2005,小护士眼霜2485,44,27,95%,1128.6
5/4/2019,苏州市123店,王450,王14235,香奈儿眼影1631,7,4,90%,25.2
6/11/2019,武汉市219店,丁2720,,小护士面膜2362,122,30,100%,3660
7/18/2019,烟台市90店,孙4463,司马8415,美宝莲口红2498,1913,7,95%,12721.45
2/23/2019,商洛市444店,马1265,邬12979,BobbiBrown口红1308,37,24,70%,621.6
5/15/2019,商洛市445店,赵3541,王16093,SK-II卸妆/洁面894,3414,6,90%,18435.6
1/7/2019,唐山市300店,于736,孙19183,TF口红2514,279,24,95%,6361.2
7/7/2019,贵阳市594店,张4902,邬22077,海飞丝洗护套装1827,3530,20,95%,67070
8/6/2019,中卫市487店,邵1595,,雪碧饮料2020,16,16,100%,256
6/2/2019,沈阳市30店,李577,卫23358,沙宣护发素316,10,9,80%,72
6/20/2019,霍尔果斯市510店,赵6055,,迪奥面膜1799,55,18,100%,990
4/1/2019,烟台市93店,邵4025,周20152,MAC粉饼1499,1119,30,80%,26856
6/30/2019,郑州市200店,邵4786,严20916,玉兰油面膜341,229,20,80%,3664
5/23/2019,重庆市604店,孙6852,,兰蔻护肤礼盒155,200,13,100%,2600
4/26/2019,济南市86店,赵812,蒋3808,赫莲娜眼霜512,289,13,95%,3569.15
2/5/2019,商洛市448店,马6185,,倩碧面膜622,83,7,100%,581
7/28/2019,深圳市319店,徐1981,,欧莱雅眼霜1331,1954,15,100%,29310
2/10/2019,舟山市181店,赵6437,王8725,雪碧饮料2500,10,27,80%,216
6/24/2019,宁波市152店,徐5132,巴22937,香奈儿眼影254,50,8,95%,380
4/23/2019,齐齐哈尔市63店,金2405,郑21564,护舒宝女性护理用品2135,92,3,70%,193.2
1/27/2019,济南市80店,刘5706,郑3940,倩碧面膜830,19,16,70%,212.8
1/15/2019,北海市363店,马2168,华16183,小护士卸妆/洁面954,35,6,95%,199.5
3/31/2019,南昌市132店,马2904,司3215,迪奥面膜2285,233,30,80%,5592
7/19/2019,三亚市397店,丁6712,,TF气垫2413,18,20,100%,360
7/20/2019,温州市169店,赵4753,,潘婷护发素2361,97,20,100%,1940
3/21/2019,大理市553店,丁2724,,TF口红1337,29,13,100%,377
3/8/2019,西安市408店,马5342,吴5232,ABC女性护理用品1572,46,18,70%,579.6
4/14/2019,南昌市137店,钱3400,乔647,兰蔻卸妆/洁面1398,202,16,80%,2585.6
8/6/2019,三亚市393店,王6968,,金帝糖果/巧克力766,8,12,100%,96
1/2/2019,珠海市328店,丁4142,李16277,兰蔻乳液/面霜747,45,15,80%,540
1/31/2019,三亚市392店,丁5597,乔28038,兰蔻卸妆/洁面2159,13,8,90%,93.6
4/11/2019,兰州市518店,孙5868,连11054,苏菲女性护理用品405,354,1,80%,283.2
2/14/2019,兰州市518店,李1890,何14356,小护士双眼皮贴1591,243,3,90%,656.1
5/20/2019,广州市315店,金7416,吕5199,潘婷护发素974,83,23,95%,1813.55
8/7/2019,舟山市176店,杨3879,周28286,香奈儿睫毛膏379,25,10,90%,225
6/29/2019,深圳市319店,于5191,巴14941,赫莲娜卸妆/洁面1361,4,29,70%,81.2
6/11/2019,福州市189店,金5176,,美宝莲隔离霜555,10,14,100%,140
3/20/2019,深圳市325店,赵7498,,苏菲女性护理用品2164,275,9,100%,2475
5/12/2019,长春市19店,刘1342,王4571,飘柔护发素1319,279,19,90%,4770.9
5/26/2019,广元市529店,柯2884,郑2526,欧莱雅粉扑611,91,28,70%,1783.6
1/31/2019,厦门市184店,王1440,乔23489,丝芙兰气垫1905,16,27,80%,345.6
5/17/2019,海口市372店,徐717,东方16809,迪奥面膜1011,263,30,80%,6312
8/7/2019,中卫市481店,丁3790,严19840,玉兰油精华/肌底液47,56,9,80%,403.2
6/2/2019,唐山市311店,李2084,吴26592,植村秀气垫1858,31,27,70%,585.9
2/4/2019,丽江市562店,李1612,华4225,美宝莲隔离霜1013,60,16,80%,768
8/8/2019,三亚市396店,金1426,曹13645,CDP卸妆/洁面1183,193,4,95%,733.4
1/25/2019,延安市436店,邵2956,巴16025,飘柔发膜/精油2242,64,25,70%,1120
3/22/2019,文昌市385店,柯4529,,小护士乳液/面霜261,380,13,100%,4940
8/5/2019,洛阳市209店,于2040,朱12791,丝芙兰粉饼1223,249,19,90%,4257.9
4/28/2019,北京市273店,王3224,华4381,兰蔻眼霜2551,99,29,70%,2009.7
5/10/2019,北海市363店,李7156,,雀巢冲调食品506,86,18,100%,1548
3/5/2019,文昌市383店,赵5444,,力士护发素2130,297,9,100%,2673
4/29/2019,宁波市151店,李4942,乔25831,海飞丝护发素1642,51,29,70%,1035.3
3/23/2019,大连市41店,李3318,李7723,娇兰护肤礼盒1610,205,22,80%,3608
7/17/2019,兰州市515店,徐102,,依云饮用水527,183,30,100%,5490
5/27/2019,大连市41店,徐7604,王501,可口可乐饮料1761,112,13,95%,1383.2
7/14/2019,天津市281店,徐7599,巴23016,酷儿饮料1202,24,15,80%,288
2/8/2019,中卫市481店,于2181,孙5928,飘柔发膜/精油2521,71,11,80%,624.8
2/19/2019,三亚市395店,于61,乔6790,香奈儿粉饼179,80,16,95%,1216
1/16/2019,玉溪市570店,赵7525,,潘婷洗护套装282,100,10,100%,1000
4/1/2019,北京市270店,李6366,朱20238,卡乐比冲调食品497,13,26,70%,236.6
4/21/2019,呼和浩特市256店,赵5123,刁9368,植村秀睫毛膏1090,162,25,70%,2835
5/31/2019,兰州市518店,于3065,赵12389,赫莲娜眼霜2779,29,18,95%,495.9
8/22/2019,南京市109店,于2309,周10542,力士旅行套装2769,341,13,70%,3103.1
3/9/2019,丽江市554店,杨3219,郑2962,飘柔洗护套装2740,70,28,90%,1764
3/22/2019,玉溪市570店,赵3435,牛14032,潘婷护发素2462,54,21,90%,1020.6
1/10/2019,济南市87店,钱4072,应26941,雅诗兰黛乳液/面霜529,58,3,70%,121.8
3/27/2019,南昌市127店,柯1185,,小护士卸妆/洁面75,668,18,100%,12024
4/11/2019,长春市22店,钱5037,,CDP眼霜600,253,22,100%,5566
8/17/2019,中卫市480店,邵6303,连16837,倩碧面膜830,19,16,90%,273.6
5/20/2019,桂林市350店,孙5852,,明治饼干蛋糕1912,37,3,100%,111
1/28/2019,昆明市536店,侯3593,,植村秀腮红700,1133,27,100%,30591
3/2/2019,北海市366店,赵5259,郑4870,BobbiBrown隔离霜535,32,26,95%,790.4
7/18/2019,昆明市543店,刘5603,于14162,丝芙兰气垫1995,7,13,90%,81.9
8/7/2019,天津市282店,钱5458,,CDP眼霜927,1038,25,100%,25950
6/30/2019,青岛市103店,邵1493,卫26231,雅诗兰黛面膜532,377,26,80%,7841.6
8/26/2019,西安市405店,刘1453,东方15249,雅诗兰黛修眉刀385,382,15,95%,5443.5
4/10/2019,哈尔滨市50店,王2465,牛25381,雅诗兰黛双眼皮贴2234,389,9,70%,2450.7
2/12/2019,北海市363店,于2138,卫15933,东方树叶饮料2376,1668,20,80%,26688
2/16/2019,洛阳市209店,杨6046,孙18359,娇兰面膜678,71,2,95%,134.9
5/25/2019,西安市405店,金3073,郑5264,CDP护肤礼盒1544,270,1,80%,216
6/9/2019,咸阳市421店,孙6791,何20727,TF粉饼2807,255,22,70%,3927
8/11/2019,哈尔滨市49店,钱6271,东方18851,苏菲女性护理用品1528,139,2,70%,194.6
4/8/2019,文昌市383店,徐6739,乔19409,小护士修眉刀53,188,20,90%,3384
7/8/2019,青岛市101店,金742,孙6204,力士旅行套装1330,83,3,80%,199.2
2/10/2019,霍尔果斯市510店,马3499,,兰蔻眼霜637,75,8,100%,600
1/4/2019,海口市380店,丁6086,吕24580,农夫山泉饮用水1549,171,10,95%,1624.5
5/10/2019,兰州市515店,刘2631,卫10286,欧莱雅卸妆/洁面1179,376,15,95%,5358
2/6/2019,丽江市554店,马6866,,雅诗兰黛粉扑1486,7,5,100%,35
6/30/2019,三亚市401店,马6953,,品客休闲零食50,130,18,100%,2340
7/6/2019,唐山市300店,李5526,,小护士眼霜2552,121,21,100%,2541
4/14/2019,海口市372店,刘4512,刁14557,农心方便食品1583,794,4,70%,2223.2
7/20/2019,合肥市77店,赵3333,,SK-II乳液/面霜1371,82,10,100%,820
4/5/2019,齐齐哈尔市67店,刘3337,,赫莲娜眼霜1342,181,28,100%,5068
7/20/2019,宁波市146店,马2168,,飘柔护发素445,219,30,100%,6570
8/11/2019,安康市427店,邵1018,周9236,香奈儿气垫1269,375,5,95%,1781.25
4/20/2019,长沙市229店,马107,,小护士精华/肌底液350,99,10,100%,990
6/27/2019,舟山市170店,徐2479,孙26943,SK-II卸妆/洁面1151,60,29,80%,1392
7/17/2019,烟台市94店,孙7301,,潘婷洗护套装1598,16,15,100%,240
1/20/2019,深圳市318店,刘1453,宗4611,兰蔻乳液/面霜2530,391,17,70%,4652.9
5/20/2019,济南市81店,孙2496,牛23059,飘柔发膜/精油1962,118,30,70%,2478
2/2/2019,呼和浩特市251店,邵2487,,海飞丝护发素1720,147,26,100%,3822
4/3/2019,郑州市204店,李3307,东方9493,TF口红2323,14,29,90%,365.4
6/28/2019,舟山市173店,金1933,高21328,倩碧卸妆/洁面2587,306,21,95%,6104.7
1/12/2019,大连市44店,邵73,,苏菲女性护理用品1424,483,6,100%,2898
6/27/2019,唐山市308店,侯3769,刁21590,植村秀眼影2578,23,29,90%,600.3
3/22/2019,沈阳市26店,丁5760,吴22871,植村秀睫毛膏2527,44,1,70%,30.8
7/20/2019,南京市109店,李7289,,海蓝之谜面膜1512,285,23,100%,6555
3/10/2019,贵阳市596店,丁3569,牛20239,丝芙兰眉笔1672,154,4,90%,554.4
8/29/2019,温州市167店,李6614,,倩碧卸妆/洁面764,62,1,100%,62
8/14/2019,霍尔果斯市509店,张3110,井16578,迪奥乳液/面霜757,260,18,95%,4446
6/11/2019,安康市431店,李18,司19789,ABC女性护理用品788,488,23,70%,7856.8
4/19/2019,三亚市391店,赵1823,高10831,玉兰油修眉刀543,60,23,80%,1104
7/9/2019,乌鲁木齐市498店,于5345,朱15335,潘婷护发素1229,278,10,80%,2224
4/17/2019,珠海市332店,王2233,上官7373,香奈儿口红1397,190,11,95%,1985.5
1/7/2019,延安市471店,赵6104,连26870,丝芙兰口红1850,257,1,95%,244.15
5/6/2019,桂林市351店,丁6762,李26025,费列罗糖果/巧克力1136,746,7,70%,3655.4
3/18/2019,铁岭市35店,徐6701,赵12370,植村秀眼线笔1489,210,20,95%,3990
4/13/2019,昆明市538店,侯6199,卫2471,植村秀眉笔6,196,2,90%,352.8
4/26/2019,哈尔滨市50店,马2381,,玉兰油粉扑1390,56,7,100%,392
1/26/2019,宁波市155店,杨76,,丝芙兰眉笔1532,10,28,100%,280
7/22/2019,大连市42店,杨160,朱19724,皇冠饼干蛋糕2326,38,18,95%,649.8
4/27/2019,铁岭市31店,柯5488,周6617,护舒宝女性护理用品1516,85,27,95%,2180.25
3/16/2019,海口市376店,于7715,王22176,兰蔻卸妆/洁面1449,26,15,95%,370.5
4/3/2019,乌鲁木齐市501店,赵6623,朱16731,美宝莲睫毛膏1596,1636,5,70%,5726
4/29/2019,唐山市312店,李2840,,海蓝之谜面膜552,855,17,100%,14535
7/30/2019,拉萨市574店,李2537,于13654,雅诗兰黛精华/肌底液1475,1569,13,95%,19377.15
8/3/2019,西安市410店,徐7157,华19883,丝芙兰睫毛膏2635,512,8,90%,3686.4
4/27/2019,青岛市101店,柯320,刁17676,丝芙兰口红2568,87,8,95%,661.2
2/21/2019,延安市471店,徐1452,,倩碧面膜113,327,7,100%,2289
1/17/2019,杭州市142店,赵415,应2248,雀巢冲调食品1550,9,17,70%,107.1
8/8/2019,延安市464店,于897,严3096,玉兰油面膜1755,396,29,90%,10335.6
5/15/2019,包头市268店,徐4211,赵20137,潘婷洗发水1161,239,16,95%,3632.8
7/29/2019,青岛市98店,丁1285,,小护士眼霜1889,491,10,100%,4910
1/4/2019,吉林市10店,侯2119,吴3687,植村秀隔离霜1576,1255,5,80%,5020
4/4/2019,沈阳市28店,金3793,应7975,康师傅方便食品446,572,11,80%,5033.6
3/18/2019,湘潭市243店,刘3179,李25268,TF眉笔856,76,2,95%,144.4
8/14/2019,南宁市337店,侯2240,应16158,赫莲娜乳液/面霜2083,902,4,70%,2525.6
7/4/2019,文昌市382店,柯5363,何26859,倩碧乳液/面霜510,64,17,90%,979.2
4/6/2019,延安市464店,孙637,蒋878,美宝莲口红2498,1913,12,90%,20660.4
7/26/2019,贵阳市595店,丁4278,周26190,美宝莲隔离霜2148,92,20,90%,1656
7/21/2019,北海市359店,钱1663,,海牌休闲零食2015,716,23,100%,16468
2/4/2019,玉溪市566店,马5046,钱14025,娇兰面膜41,85,15,90%,1147.5
4/23/2019,三亚市394店,王1785,,香奈儿气垫1822,118,15,100%,1770
6/24/2019,吉林市8店,李5298,,BobbiBrown隔离霜808,620,3,100%,1860
2/1/2019,铁岭市32店,于4855,赵755,CDP面膜200,226,29,80%,5243.2
6/27/2019,丽江市564店,柯1263,姜11140,依云饮用水2458,21,25,70%,367.5
5/13/2019,三亚市398店,赵3435,李3231,海蓝之谜乳液/面霜1279,173,25,70%,3027.5
7/11/2019,铁岭市39店,侯1113,于19620,MAC眼线笔2711,29,1,70%,20.3
6/28/2019,株洲市232店,赵2760,周20510,欧莱雅面膜1274,46,24,70%,772.8
3/22/2019,南昌市127店,邵6965,吴10235,CDP化妆棉324,24,26,80%,499.2
7/14/2019,咸阳市418店,王233,,TF眉笔856,76,22,100%,1672
2/6/2019,文昌市385店,马5052,邬16979,潘婷洗发水1801,397,6,95%,2262.9
4/13/2019,文昌市389店,李7075,邬28425,TF口红1773,57,14,90%,718.2
5/24/2019,吉林市3店,赵3718,牛26706,小护士卸妆/洁面2131,189,10,70%,1323
8/22/2019,吉林市9店,张2234,邬14035,玉兰油卸妆/洁面590,1067,30,95%,30409.5
7/22/2019,霍尔果斯市512店,王2465,于4659,迪奥乳液/面霜279,283,15,95%,4032.75
8/27/2019,林芝市576店,张2339,吴25779,苏菲女性护理用品480,11,9,90%,89.1
6/12/2019,商洛市449店,马1811,吕5403,潘婷洗发水1969,218,19,70%,2899.4
4/8/2019,中卫市478店,于4782,于17880,小护士卸妆/洁面338,147,15,70%,1543.5
2/18/2019,无锡市113店,杨7012,赵288,BobbiBrown气垫1266,131,18,95%,2240.1
1/13/2019,安康市425店,赵4726,邬17247,玉兰油乳液/面霜997,95,12,80%,912
7/22/2019,丽江市557店,丁7405,姜18340,娇兰乳液/面霜489,9,27,90%,218.7
2/12/2019,齐齐哈尔市66店,徐5762,,CDP面膜723,230,18,100%,4140
5/19/2019,喀什市505店,张4806,华18149,赫莲娜护肤礼盒1892,37,16,70%,414.4
6/2/2019,唐山市308店,李6467,司马740,海飞丝洗发水1924,1069,16,90%,15393.6
5/13/2019,铁岭市39店,刘2684,卫4785,皇冠饼干蛋糕1931,371,23,70%,5973.1
6/14/2019,绵阳市524店,杨6860,卫28015,沙宣护发素1840,32,15,90%,432
2/16/2019,南昌市124店,柯2811,蒋4572,植村秀粉饼1146,219,2,80%,350.4
2/4/2019,烟台市91店,张5969,司18958,兰蔻面膜918,16,28,70%,313.6
2/8/2019,咸阳市423店,徐4433,吴9811,BobbiBrown隔离霜382,165,17,70%,1963.5
4/26/2019,南宁市349店,徐6436,,迪奥粉扑2499,125,12,100%,1500
8/7/2019,舟山市181店,侯4828,,MAC粉饼749,1990,23,100%,45770
5/18/2019,太原市288店,王3735,牛14110,北田休闲零食2325,1082,5,90%,4869
2/10/2019,无锡市113店,侯3422,于4258,麦维他饼干蛋糕2047,20,29,70%,406
4/25/2019,安康市455店,邵5288,,娇兰精华/肌底液658,305,5,100%,1525
6/3/2019,舟山市175店,杨957,,沙宣旅行套装367,1696,7,100%,11872
8/7/2019,大理市549店,邵4541,,力士洗发水1694,372,29,100%,10788
7/20/2019,北海市364店,杨5891,姜23966,CDP卸妆/洁面1063,138,15,80%,1656
1/27/2019,贵阳市590店,钱5037,,植村秀睫毛膏1910,191,30,100%,5730
3/12/2019,天津市279店,杨1569,吴16989,MAC隔离霜336,1229,21,70%,18066.3
6/14/2019,天津市277店,钱3299,吴14176,一兰方便食品305,106,24,80%,2035.2
5/31/2019,桂林市354店,柯2408,宗22387,美宝莲口红852,168,29,95%,4628.4
2/4/2019,南昌市135店,赵2568,高22554,SK-II护肤礼盒1078,278,2,90%,500.4
2/14/2019,咸阳市418店,柯6482,蒋8705,植村秀眼线笔706,10,11,70%,77
2/21/2019,郑州市205店,金240,,兰蔻卸妆/洁面292,294,10,100%,2940
6/11/2019,乌鲁木齐市500店,李2537,华8453,海蓝之谜面膜306,27,30,70%,567
5/10/2019,绵阳市524店,金3381,钱20845,沙宣发膜/精油233,304,3,80%,729.6
6/18/2019,长春市16店,孙121,赵20203,迪奥双眼皮贴1804,542,12,95%,6178.8
1/8/2019,安康市459店,赵7611,曹27910,娇兰精华/肌底液159,15,14,80%,168
3/9/2019,沈阳市27店,孙3291,,海飞丝洗发水740,215,4,100%,860
8/27/2019,长沙市222店,杨831,于8965,玉兰油卸妆/洁面824,239,20,70%,3346
5/2/2019,哈尔滨市54店,王5983,卫23415,倩碧卸妆/洁面2424,1228,19,70%,16332.4
5/25/2019,福州市195店,李7325,何1700,兰蔻眼霜2551,99,14,80%,1108.8
6/20/2019,中卫市481店,李5298,赵16145,赫莲娜化妆刷742,3156,14,80%,35347.2
6/4/2019,乌鲁木齐市495店,杨5639,李322,MAC睫毛膏1111,10,29,90%,261
8/25/2019,延安市466店,李1514,,MAC隔离霜235,89,30,100%,2670
7/12/2019,太原市287店,于707,乔8094,香奈儿睫毛膏2761,18,7,80%,100.8
2/20/2019,舟山市174店,丁5445,刁16556,SK-II眼霜1276,162,2,80%,259.2
7/13/2019,玉溪市569店,赵411,朱9790,金帝糖果/巧克力2106,199,10,90%,1791
6/7/2019,宁波市153店,赵36,上官7373,小护士卸妆/洁面1494,77,3,95%,219.45
4/14/2019,郑州市207店,杨7158,乔19950,飘柔发膜/精油2826,190,4,70%,532
8/13/2019,延安市441店,李1512,王2474,倩碧精华/肌底液2415,451,20,80%,7216
2/23/2019,合肥市75店,刘262,朱2719,白色恋人饼干蛋糕2720,648,26,95%,16005.6
1/21/2019,合肥市75店,于4373,上官22105,皇冠饼干蛋糕394,273,13,70%,2484.3
4/28/2019,拉萨市574店,刘5683,吴24720,TF睫毛膏1966,594,18,95%,10157.4
7/2/2019,长春市23店,徐4869,朱24021,兰蔻卸妆/洁面1360,269,29,70%,5460.7
2/23/2019,沈阳市30店,丁5965,,脉动饮料1316,27,29,100%,783
2/27/2019,深圳市322店,马4448,于11563,欧莱雅眼霜229,136,11,95%,1421.2
8/6/2019,青岛市98店,于2616,井14144,海飞丝护发素932,360,5,90%,1620
2/7/2019,安康市453店,徐2226,赵9883,美宝莲睫毛膏1796,6,10,95%,57
1/20/2019,长沙市224店,钱342,于27654,BobbiBrown口红2543,366,24,70%,6148.8
7/3/2019,洛阳市211店,李4179,井8202,雅诗兰黛卸妆/洁面1837,13,20,80%,208
7/27/2019,西安市412店,孙5106,连16488,海蓝之谜面膜1496,32,2,80%,51.2
5/21/2019,唐山市300店,丁7002,钱4906,迪奥眼霜2442,327,19,90%,5591.7
1/24/2019,青岛市99店,赵4674,赵15257,丝芙兰粉饼2783,86,7,95%,571.9
5/25/2019,唐山市308店,王3888,,欧莱雅化妆棉1030,65,28,100%,1820
3/18/2019,温州市169店,侯608,乔1618,力士洗发水1694,372,1,70%,260.4
5/31/2019,南昌市130店,赵5134,井20280,家乐氏冲调食品156,329,11,95%,3438.05
1/29/2019,安康市458店,张7243,,飘柔洗护套装441,482,19,100%,9158
8/24/2019,咸阳市420店,金5295,蒋16669,丹麦蓝罐饼干蛋糕787,338,6,90%,1825.2
5/25/2019,齐齐哈尔市63店,钱1410,,明治饼干蛋糕2175,25,8,100%,200
5/14/2019,湘潭市240店,侯6820,,MAC隔离霜321,270,19,100%,5130
6/13/2019,北京市276店,马486,,BobbiBrown粉饼2217,262,24,100%,6288
1/8/2019,铁岭市33店,马1794,孙5438,酷儿饮料2080,23,28,95%,611.8
8/27/2019,长沙市227店,徐5069,乔23211,沙宣洗发水2795,31,3,70%,65.1
3/29/2019,深圳市319店,徐2361,吴25751,飘柔发膜/精油1962,118,21,80%,1982.4
3/21/2019,贵阳市585店,张1114,,欧莱雅面膜2813,5,17,100%,85
8/12/2019,武汉市213店,柯728,牛2421,酷儿饮料2342,228,19,80%,3465.6
8/31/2019,哈尔滨市55店,金6048,于8338,植村秀口红1487,164,9,70%,1033.2
5/2/2019,唐山市312店,杨1273,朱4445,脉动饮料2395,372,28,70%,7291.2
6/15/2019,文昌市383店,丁6560,上官19965,小护士化妆棉20,81,3,70%,170.1
3/23/2019,霍尔果斯市509店,杨1557,牛24973,潘婷洗护套装76,104,2,95%,197.6
4/10/2019,重庆市604店,徐5271,李25227,海飞丝护发素1720,147,24,70%,2469.6
2/26/2019,三亚市396店,马5055,井9496,苏菲女性护理用品405,354,12,80%,3398.4
4/8/2019,西安市408店,徐1393,,飘柔洗护套装992,17,20,100%,340
3/28/2019,铁岭市39店,丁3689,,海蓝之谜眼霜2616,269,7,100%,1883
5/24/2019,喀什市504店,邵6490,牛15921,娇兰双眼皮贴2590,259,4,95%,984.2
3/24/2019,长春市15店,孙6194,乔4075,丝芙兰粉饼2243,2515,26,70%,45773
6/16/2019,南宁市347店,于6403,井14788,MAC眼线笔1698,10,22,80%,176
4/16/2019,南宁市343店,侯2424,,康师傅方便食品1907,212,6,100%,1272
2/10/2019,延安市436店,李1907,上官871,BobbiBrown口红1137,93,11,90%,920.7
3/7/2019,绵阳市524店,马3957,于3009,美宝莲睫毛膏1680,271,24,80%,5203.2
1/28/2019,延安市463店,于2109,,兰蔻面膜1566,139,10,100%,1390
6/9/2019,延安市462店,马4060,郑13463,雅诗兰黛面膜2613,1749,21,70%,25710.3
4/22/2019,北海市365店,邵2418,,护舒宝女性护理用品2765,328,1,100%,328
4/3/2019,乌鲁木齐市499店,侯1083,,TF睫毛膏2105,52,25,100%,1300
4/27/2019,大理市550店,丁1755,华24002,SK-II乳液/面霜1299,122,13,70%,1110.2
4/24/2019,株洲市237店,金3190,严21615,潘婷洗发水713,13,29,70%,263.9
3/15/2019,吉林市3店,马7087,,卡乐比冲调食品1017,21,8,100%,168
8/6/2019,乌鲁木齐市499店,赵5425,,苏菲女性护理用品1022,312,6,100%,1872
8/5/2019,齐齐哈尔市65店,柯3287,,倩碧乳液/面霜842,23,21,100%,483
1/12/2019,大连市43店,杨5512,,SK-II眼霜2093,319,11,100%,3509
7/21/2019,石家庄市297店,金389,连7959,小护士乳液/面霜797,18,16,80%,230.4
8/2/2019,桂林市354店,徐144,钱13305,倩碧卸妆/洁面1010,234,9,70%,1474.2
2/6/2019,湘潭市241店,张1964,何24949,护舒宝女性护理用品1673,5,29,95%,137.75
6/10/2019,玉溪市568店,张3944,上官9162,康师傅方便食品217,42,16,80%,537.6
6/7/2019,哈尔滨市58店,于6076,邬25066,香奈儿眉笔407,333,17,70%,3962.7
8/21/2019,厦门市186店,马6506,牛16115,一兰方便食品1405,18,9,90%,145.8
8/4/2019,呼和浩特市252店,马486,,丝芙兰气垫1541,102,3,100%,306
5/28/2019,齐齐哈尔市67店,杨956,朱13884,力士洗护套装1153,375,18,95%,6412.5
8/10/2019,济南市80店,柯5381,曹13188,香奈儿隔离霜2618,261,9,80%,1879.2
3/14/2019,乌鲁木齐市492店,王6101,,兰蔻乳液/面霜674,132,8,100%,1056
7/3/2019,无锡市113店,杨126,吕21128,统一方便食品2690,45,26,70%,819
8/6/2019,青岛市104店,柯5624,钱22623,迪奥卸妆/洁面976,29,22,70%,446.6
3/16/2019,齐齐哈尔市69店,徐1877,,香奈儿口红866,11,13,100%,143
7/11/2019,铁岭市35店,张7450,曹23443,CDP双眼皮贴363,3483,25,80%,69660
7/1/2019,西安市413店,杨3861,钱13084,BobbiBrown粉饼1230,1833,27,70%,34643.7
1/30/2019,北京市273店,王3870,,MAC眼影1324,12,26,100%,312
3/5/2019,海口市372店,丁2235,蒋16669,TF腮红86,274,5,90%,1233
2/12/2019,北海市369店,柯2214,吕22471,香奈儿口红916,56,19,90%,957.6
3/17/2019,广元市529店,于2355,东方27883,迪奥面膜721,1424,2,80%,2278.4
8/11/2019,宁波市153店,张7272,,倩碧眼霜2230,377,19,100%,7163
8/30/2019,西安市409店,赵7188,,潘婷护发素2577,368,14,100%,5152
8/28/2019,大理市551店,李6797,,苏菲女性护理用品881,111,26,100%,2886
2/24/2019,绵阳市521店,王1545,,皇冠饼干蛋糕2004,317,28,100%,8876
2/28/2019,太原市286店,孙2496,,CDP护肤礼盒1593,73,28,100%,2044
6/26/2019,齐齐哈尔市73店,徐4725,高19705,美宝莲眉笔2203,1389,2,95%,2639.1
1/21/2019,哈尔滨市62店,李2718,东方17614,娇兰精华/肌底液658,305,24,70%,5124
7/24/2019,长春市15店,丁6337,宗21551,谷优饼干蛋糕2744,5,12,90%,54
2/23/2019,铁岭市33店,侯1580,东方17473,海蓝之谜面膜124,224,2,90%,403.2
3/21/2019,重庆市605店,丁7612,卫22494,植村秀睫毛膏2275,127,16,90%,1828.8
3/29/2019,无锡市114店,柯5067,,小护士护肤礼盒1611,122,11,100%,1342
7/6/2019,宁波市151店,杨5691,,植村秀眉笔1074,115,13,100%,1495
3/17/2019,哈尔滨市50店,王5222,王22452,赫莲娜乳液/面霜1448,40,22,80%,704
8/7/2019,玉溪市572店,张5275,,倩碧面膜113,327,22,100%,7194
2/22/2019,延安市471店,邵6108,宗23130,玉兰油精华/肌底液1945,33,11,70%,254.1
8/10/2019,安康市427店,侯6295,应11080,TF睫毛膏130,313,15,70%,3286.5
2/26/2019,石家庄市294店,李3723,王21394,CDP卸妆/洁面137,13,16,70%,145.6
1/4/2019,长沙市223店,赵49,牛14,ABC女性护理用品746,312,2,90%,561.6
5/6/2019,林芝市581店,钱1790,,力士护发素1809,506,16,100%,8096
4/4/2019,海口市373店,杨2223,朱7110,潘婷护发素2035,554,20,80%,8864
2/1/2019,商洛市448店,徐2649,刁15020,TF气垫2780,1623,20,95%,30837
5/10/2019,兰州市518店,赵3652,吕27451,品客休闲零食1108,324,9,95%,2770.2
6/10/2019,昆明市541店,刘7665,,斯波德糖果/巧克力544,96,16,100%,1536
3/9/2019,天津市277店,杨7080,,丝芙兰眼影1938,200,14,100%,2800
1/6/2019,齐齐哈尔市63店,张5228,姜21465,海飞丝护发素1443,87,11,70%,669.9
1/21/2019,青岛市96店,孙6474,,美宝莲睫毛膏782,100,9,100%,900
3/1/2019,哈尔滨市55店,丁3410,乔28297,海蓝之谜眼霜2097,184,22,70%,2833.6
5/28/2019,郑州市205店,于368,刁12776,娇兰乳液/面霜2251,5,20,70%,70
7/11/2019,福州市191店,于5571,周765,潘婷洗发水2032,1301,15,95%,18539.25
5/16/2019,桂林市350店,于1589,姜13033,雅诗兰黛面膜244,144,7,70%,705.6
7/6/2019,南昌市130店,金4721,,TF口红267,248,29,100%,7192
7/19/2019,大连市44店,于2543,卫16462,兰蔻面膜1467,22,20,90%,396
7/31/2019,唐山市304店,徐573,,植村秀口红2767,1899,3,100%,5697
3/28/2019,合肥市77店,钱928,,迪奥卸妆/洁面82,223,30,100%,6690
6/4/2019,杭州市142店,王1762,应21865,飘柔洗护套装992,17,26,90%,397.8
7/22/2019,大理市550店,侯3880,连3495,MAC隔离霜1785,24,8,90%,172.8
7/9/2019,三亚市393店,徐6472,司12001,小护士修眉刀2684,166,7,70%,813.4
2/28/2019,西安市407店,刘7333,,海蓝之谜面膜2025,577,13,100%,7501
3/15/2019,吉林市9店,李667,郑12928,BobbiBrown隔离霜1214,80,2,70%,112
8/9/2019,济南市82店,于2616,吕9440,BobbiBrown气垫518,187,2,80%,299.2
5/13/2019,商洛市447店,马671,连6041,兰蔻卸妆/洁面292,294,14,95%,3910.2
3/5/2019,三亚市402店,王2254,宗15028,赫莲娜双眼皮贴779,16,22,70%,246.4
8/16/2019,文昌市389店,王923,刁24330,迪奥修眉刀409,301,14,90%,3792.6
5/5/2019,吉林市2店,丁880,曹10594,植村秀隔离霜1005,1514,10,95%,14383
8/9/2019,三亚市399店,孙5522,邬8395,欧莱雅护肤礼盒1776,469,27,80%,10130.4
7/7/2019,大理市553店,张1284,司马6740,海蓝之谜乳液/面霜531,34,22,95%,710.6
8/2/2019,玉溪市571店,邵1951,吕14647,兰蔻双眼皮贴1911,97,21,90%,1833.3
8/23/2019,吉林市1店,张4927,何10435,TF眼影2534,173,11,80%,1522.4
3/12/2019,北京市271店,马2987,赵21199,爱西麦冲调食品792,15,11,70%,115.5
6/17/2019,宁波市154店,赵1007,何16304,斯波德糖果/巧克力1492,144,24,95%,3283.2
6/26/2019,商洛市450店,赵2190,,美宝莲口红865,29,18,100%,522
2/6/2019,延安市438店,马2082,应26168,植村秀隔离霜1614,1015,21,80%,17052
4/5/2019,武汉市214店,金1726,乔7787,BobbiBrown隔离霜1703,224,17,70%,2665.6
6/25/2019,呼和浩特市253店,于2543,巴17258,海飞丝洗护套装588,143,8,95%,1086.8
6/13/2019,昆明市540店,柯6658,刁274,欧莱雅卸妆/洁面773,58,13,70%,527.8
5/12/2019,深圳市323店,王4766,赵25050,美宝莲粉饼1784,287,29,90%,7490.7
3/12/2019,西安市409店,徐6864,,上好佳休闲零食1065,313,12,100%,3756
2/19/2019,合肥市78店,马6833,司马28299,费列罗糖果/巧克力2441,360,3,95%,1026
3/12/2019,成都市532店,徐5076,孙15040,统一方便食品1697,149,22,70%,2294.6
1/15/2019,深圳市319店,赵199,周24999,海蓝之谜面膜141,38,4,80%,121.6
2/28/2019,唐山市310店,张2416,邬20695,欧莱雅睫毛夹2756,225,1,95%,213.75
6/19/2019,咸阳市416店,赵4042,孙22026,倩碧乳液/面霜842,23,10,95%,218.5
1/20/2019,海口市377店,马4954,姜11640,三养方便食品2452,674,12,95%,7683.6
7/1/2019,文昌市390店,刘256,李16730,兰蔻面膜553,17,12,90%,183.6
3/11/2019,延安市466店,邵3494,吕17574,CDP面膜2078,11,12,90%,118.8
5/3/2019,呼和浩特市252店,孙7386,华5442,TF口红486,359,22,70%,5528.6
1/11/2019,厦门市188店,孙7432,何11732,潘婷洗护套装1757,159,5,80%,636
4/22/2019,林芝市576店,马4187,严24538,SK-II面膜189,26,24,95%,592.8
4/9/2019,南宁市340店,金2871,姜5098,丝芙兰眉笔1075,120,2,70%,168
1/6/2019,乌鲁木齐市497店,赵704,李23423,兰蔻乳液/面霜2736,27,25,70%,472.5
2/11/2019,长春市23店,丁2645,吕27,麦维他饼干蛋糕1965,225,6,90%,1215
1/29/2019,南宁市349店,王435,,SK-II眼霜1120,80,19,100%,1520
1/15/2019,西安市404店,杨6859,高6360,欧莱雅乳液/面霜2009,326,21,80%,5476.8
8/6/2019,商洛市447店,丁6877,于15223,BobbiBrown气垫1998,491,22,90%,9721.8
2/25/2019,北海市363店,马3876,井6450,农夫山泉饮用水998,9,18,90%,145.8
1/22/2019,延安市442店,丁6557,乔17147,欧莱雅卸妆/洁面1436,523,6,70%,2196.6
7/11/2019,喀什市503店,邵3178,巴19376,欧莱雅卸妆/洁面1802,95,22,95%,1985.5
6/10/2019,太原市287店,于7385,卫4992,BobbiBrown口红1464,35,19,70%,465.5
8/4/2019,中卫市486店,刘792,,潘婷护发素734,288,29,100%,8352
8/31/2019,珠海市331店,赵2227,东方13670,倩碧乳液/面霜339,613,30,90%,16551
2/16/2019,铁岭市40店,张5701,,美宝莲气垫290,88,9,100%,792
7/22/2019,丽江市563店,李4219,蒋10989,欧莱雅化妆刷924,70,2,80%,112
3/22/2019,大理市550店,赵4256,应6945,玉兰油护肤礼盒185,248,9,80%,1785.6
8/8/2019,太原市289店,张6249,王2056,TF气垫2433,215,25,90%,4837.5
5/14/2019,海口市376店,金4546,,娇兰面膜503,1609,20,100%,32180
4/7/2019,呼和浩特市251店,徐5818,,张君雅小妹妹休闲零食1394,37,1,100%,37
7/9/2019,洛阳市211店,金2038,吕17891,苏菲女性护理用品1127,70,13,80%,728
1/10/2019,北京市272店,刘1641,,植村秀口红1365,4,21,100%,84
6/21/2019,绵阳市522店,于6559,,丝芙兰眉笔1476,1469,11,100%,16159
6/7/2019,宁波市155店,于7653,严3110,TF粉饼10,108,29,90%,2818.8
8/1/2019,昆明市537店,邵1867,,植村秀睫毛膏549,101,23,100%,2323
4/20/2019,大理市546店,杨3322,,CDP眼霜1849,209,20,100%,4180
5/5/2019,株洲市234店,刘2282,曹27910,TF气垫1481,203,13,80%,2111.2
2/7/2019,广元市529店,钱3033,牛28463,迪奥化妆棉69,370,1,95%,351.5
2/1/2019,铁岭市32店,金7179,何21664,CDP卸妆/洁面1063,138,28,80%,3091.2
3/17/2019,安康市460店,于7597,井5884,雀巢冲调食品1550,9,28,70%,176.4
4/8/2019,温州市165店,丁2235,,SK-II眼霜2628,11,22,100%,242
2/3/2019,深圳市321店,柯164,姜17444,美宝莲气垫799,409,18,70%,5153.4
2/26/2019,厦门市188店,钱7248,李24702,TF口红2820,283,4,95%,1075.4
7/2/2019,吉林市9店,邵2120,司26875,美宝莲粉饼1784,287,28,70%,5625.2
